target_population_id,jurisdiction_code,estimand_role,cell_id,age_min_inclusive,age_max_exclusive,household_income_band,household_type,gaming_state,payer_history_state,target_mass_numerator,target_mass_denominator
standardized.person.2024.be.calibration,BE,CALIBRATION,cell.000,10,18,income.low,household.with-minor,GAMER,EVER_PAYER,89,10000
standardized.person.2024.be.calibration,BE,CALIBRATION,cell.001,10,18,income.low,household.with-minor,GAMER,NEVER_PAYER,207,10000
standardized.person.2024.be.calibration,BE,CALIBRATION,cell.002,10,18,income.low,household.with-minor,NON_GAMER,EVER_PAYER,3,10000
standardized.person.2024.be.calibration,BE,CALIBRATION,cell.003,10,18,income.low,household.with-minor,NON_GAMER,NEVER_PAYER,27,5000
standardized.person.2024.be.calibration,BE,CALIBRATION,cell.004,10,18,income.low,household.one-person,GAMER,EVER_PAYER,0,1
standardized.person.2024.be.calibration,BE,CALIBRATION,cell.005,10,18,income.low,household.one-person,GAMER,NEVER_PAYER,0,1
standardized.person.2024.be.calibration,BE,CALIBRATION,cell.006,10,18,income.low,household.one-person,NON_GAMER,EVER_PAYER,0,1
standardized.person.2024.be.calibration,BE,CALIBRATION,cell.007,10,18,income.low,household.one-person,NON_GAMER,NEVER_PAYER,0,1
standardized.person.2024.be.calibration,BE,CALIBRATION,cell.008,10,18,income.low,household.multi-no-minor,GAMER,EVER_PAYER,0,1
standardized.person.2024.be.calibration,BE,CALIBRATION,cell.009,10,18,income.low,household.multi-no-minor,GAMER,NEVER_PAYER,0,1
standardized.person.2024.be.calibration,BE,CALIBRATION,cell.010,10,18,income.low,household.multi-no-minor,NON_GAMER,EVER_PAYER,0,1
standardized.person.2024.be.calibration,BE,CALIBRATION,cell.011,10,18,income.low,household.multi-no-minor,NON_GAMER,NEVER_PAYER,0,1
standardized.person.2024.be.calibration,BE,CALIBRATION,cell.012,10,18,income.middle,household.with-minor,GAMER,EVER_PAYER,137,10000
standardized.person.2024.be.calibration,BE,CALIBRATION,cell.013,10,18,income.middle,household.with-minor,GAMER,NEVER_PAYER,233,10000
standardized.person.2024.be.calibration,BE,CALIBRATION,cell.014,10,18,income.middle,household.with-minor,NON_GAMER,EVER_PAYER,1,2000
standardized.person.2024.be.calibration,BE,CALIBRATION,cell.015,10,18,income.middle,household.with-minor,NON_GAMER,NEVER_PAYER,33,5000
standardized.person.2024.be.calibration,BE,CALIBRATION,cell.016,10,18,income.middle,household.one-person,GAMER,EVER_PAYER,0,1
standardized.person.2024.be.calibration,BE,CALIBRATION,cell.017,10,18,income.middle,household.one-person,GAMER,NEVER_PAYER,0,1
standardized.person.2024.be.calibration,BE,CALIBRATION,cell.018,10,18,income.middle,household.one-person,NON_GAMER,EVER_PAYER,0,1
standardized.person.2024.be.calibration,BE,CALIBRATION,cell.019,10,18,income.middle,household.one-person,NON_GAMER,NEVER_PAYER,0,1
standardized.person.2024.be.calibration,BE,CALIBRATION,cell.020,10,18,income.middle,household.multi-no-minor,GAMER,EVER_PAYER,0,1
standardized.person.2024.be.calibration,BE,CALIBRATION,cell.021,10,18,income.middle,household.multi-no-minor,GAMER,NEVER_PAYER,0,1
standardized.person.2024.be.calibration,BE,CALIBRATION,cell.022,10,18,income.middle,household.multi-no-minor,NON_GAMER,EVER_PAYER,0,1
standardized.person.2024.be.calibration,BE,CALIBRATION,cell.023,10,18,income.middle,household.multi-no-minor,NON_GAMER,NEVER_PAYER,0,1
standardized.person.2024.be.calibration,BE,CALIBRATION,cell.024,10,18,income.high,household.with-minor,GAMER,EVER_PAYER,57,5000
standardized.person.2024.be.calibration,BE,CALIBRATION,cell.025,10,18,income.high,household.with-minor,GAMER,NEVER_PAYER,29,2000
standardized.person.2024.be.calibration,BE,CALIBRATION,cell.026,10,18,income.high,household.with-minor,NON_GAMER,EVER_PAYER,1,2500
standardized.person.2024.be.calibration,BE,CALIBRATION,cell.027,10,18,income.high,household.with-minor,NON_GAMER,NEVER_PAYER,9,2000
standardized.person.2024.be.calibration,BE,CALIBRATION,cell.028,10,18,income.high,household.one-person,GAMER,EVER_PAYER,0,1
standardized.person.2024.be.calibration,BE,CALIBRATION,cell.029,10,18,income.high,household.one-person,GAMER,NEVER_PAYER,0,1
standardized.person.2024.be.calibration,BE,CALIBRATION,cell.030,10,18,income.high,household.one-person,NON_GAMER,EVER_PAYER,0,1
standardized.person.2024.be.calibration,BE,CALIBRATION,cell.031,10,18,income.high,household.one-person,NON_GAMER,NEVER_PAYER,0,1
standardized.person.2024.be.calibration,BE,CALIBRATION,cell.032,10,18,income.high,household.multi-no-minor,GAMER,EVER_PAYER,0,1
standardized.person.2024.be.calibration,BE,CALIBRATION,cell.033,10,18,income.high,household.multi-no-minor,GAMER,NEVER_PAYER,0,1
standardized.person.2024.be.calibration,BE,CALIBRATION,cell.034,10,18,income.high,household.multi-no-minor,NON_GAMER,EVER_PAYER,0,1
standardized.person.2024.be.calibration,BE,CALIBRATION,cell.035,10,18,income.high,household.multi-no-minor,NON_GAMER,NEVER_PAYER,0,1
standardized.person.2024.be.calibration,BE,CALIBRATION,cell.036,18,25,income.low,household.with-minor,GAMER,EVER_PAYER,7,10000
standardized.person.2024.be.calibration,BE,CALIBRATION,cell.037,18,25,income.low,household.with-minor,GAMER,NEVER_PAYER,17,10000
standardized.person.2024.be.calibration,BE,CALIBRATION,cell.038,18,25,income.low,household.with-minor,NON_GAMER,EVER_PAYER,0,1
standardized.person.2024.be.calibration,BE,CALIBRATION,cell.039,18,25,income.low,household.with-minor,NON_GAMER,NEVER_PAYER,9,10000
standardized.person.2024.be.calibration,BE,CALIBRATION,cell.040,18,25,income.low,household.one-person,GAMER,EVER_PAYER,41,10000
standardized.person.2024.be.calibration,BE,CALIBRATION,cell.041,18,25,income.low,household.one-person,GAMER,NEVER_PAYER,53,5000
standardized.person.2024.be.calibration,BE,CALIBRATION,cell.042,18,25,income.low,household.one-person,NON_GAMER,EVER_PAYER,1,5000
standardized.person.2024.be.calibration,BE,CALIBRATION,cell.043,18,25,income.low,household.one-person,NON_GAMER,NEVER_PAYER,11,2000
standardized.person.2024.be.calibration,BE,CALIBRATION,cell.044,18,25,income.low,household.multi-no-minor,GAMER,EVER_PAYER,9,2500
standardized.person.2024.be.calibration,BE,CALIBRATION,cell.045,18,25,income.low,household.multi-no-minor,GAMER,NEVER_PAYER,23,2500
standardized.person.2024.be.calibration,BE,CALIBRATION,cell.046,18,25,income.low,household.multi-no-minor,NON_GAMER,EVER_PAYER,1,5000
standardized.person.2024.be.calibration,BE,CALIBRATION,cell.047,18,25,income.low,household.multi-no-minor,NON_GAMER,NEVER_PAYER,3,625
standardized.person.2024.be.calibration,BE,CALIBRATION,cell.048,18,25,income.middle,household.with-minor,GAMER,EVER_PAYER,3,2500
standardized.person.2024.be.calibration,BE,CALIBRATION,cell.049,18,25,income.middle,household.with-minor,GAMER,NEVER_PAYER,23,10000
standardized.person.2024.be.calibration,BE,CALIBRATION,cell.050,18,25,income.middle,household.with-minor,NON_GAMER,EVER_PAYER,1,10000
standardized.person.2024.be.calibration,BE,CALIBRATION,cell.051,18,25,income.middle,household.with-minor,NON_GAMER,NEVER_PAYER,13,10000
standardized.person.2024.be.calibration,BE,CALIBRATION,cell.052,18,25,income.middle,household.one-person,GAMER,EVER_PAYER,7,1250
standardized.person.2024.be.calibration,BE,CALIBRATION,cell.053,18,25,income.middle,household.one-person,GAMER,NEVER_PAYER,13,1250
standardized.person.2024.be.calibration,BE,CALIBRATION,cell.054,18,25,income.middle,household.one-person,NON_GAMER,EVER_PAYER,1,2500
standardized.person.2024.be.calibration,BE,CALIBRATION,cell.055,18,25,income.middle,household.one-person,NON_GAMER,NEVER_PAYER,29,5000
standardized.person.2024.be.calibration,BE,CALIBRATION,cell.056,18,25,income.middle,household.multi-no-minor,GAMER,EVER_PAYER,7,1250
standardized.person.2024.be.calibration,BE,CALIBRATION,cell.057,18,25,income.middle,household.multi-no-minor,GAMER,NEVER_PAYER,13,1250
standardized.person.2024.be.calibration,BE,CALIBRATION,cell.058,18,25,income.middle,household.multi-no-minor,NON_GAMER,EVER_PAYER,1,2500
standardized.person.2024.be.calibration,BE,CALIBRATION,cell.059,18,25,income.middle,household.multi-no-minor,NON_GAMER,NEVER_PAYER,29,5000
standardized.person.2024.be.calibration,BE,CALIBRATION,cell.060,18,25,income.high,household.with-minor,GAMER,EVER_PAYER,11,10000
standardized.person.2024.be.calibration,BE,CALIBRATION,cell.061,18,25,income.high,household.with-minor,GAMER,NEVER_PAYER,1,625
standardized.person.2024.be.calibration,BE,CALIBRATION,cell.062,18,25,income.high,household.with-minor,NON_GAMER,EVER_PAYER,1,10000
standardized.person.2024.be.calibration,BE,CALIBRATION,cell.063,18,25,income.high,household.with-minor,NON_GAMER,NEVER_PAYER,1,1000
standardized.person.2024.be.calibration,BE,CALIBRATION,cell.064,18,25,income.high,household.one-person,GAMER,EVER_PAYER,17,5000
standardized.person.2024.be.calibration,BE,CALIBRATION,cell.065,18,25,income.high,household.one-person,GAMER,NEVER_PAYER,47,10000
standardized.person.2024.be.calibration,BE,CALIBRATION,cell.066,18,25,income.high,household.one-person,NON_GAMER,EVER_PAYER,3,10000
standardized.person.2024.be.calibration,BE,CALIBRATION,cell.067,18,25,income.high,household.one-person,NON_GAMER,NEVER_PAYER,29,10000
standardized.person.2024.be.calibration,BE,CALIBRATION,cell.068,18,25,income.high,household.multi-no-minor,GAMER,EVER_PAYER,21,5000
standardized.person.2024.be.calibration,BE,CALIBRATION,cell.069,18,25,income.high,household.multi-no-minor,GAMER,NEVER_PAYER,59,10000
standardized.person.2024.be.calibration,BE,CALIBRATION,cell.070,18,25,income.high,household.multi-no-minor,NON_GAMER,EVER_PAYER,3,10000
standardized.person.2024.be.calibration,BE,CALIBRATION,cell.071,18,25,income.high,household.multi-no-minor,NON_GAMER,NEVER_PAYER,9,2500
standardized.person.2024.be.calibration,BE,CALIBRATION,cell.072,25,35,income.low,household.with-minor,GAMER,EVER_PAYER,9,10000
standardized.person.2024.be.calibration,BE,CALIBRATION,cell.073,25,35,income.low,household.with-minor,GAMER,NEVER_PAYER,27,10000
standardized.person.2024.be.calibration,BE,CALIBRATION,cell.074,25,35,income.low,household.with-minor,NON_GAMER,EVER_PAYER,1,10000
standardized.person.2024.be.calibration,BE,CALIBRATION,cell.075,25,35,income.low,household.with-minor,NON_GAMER,NEVER_PAYER,3,1250
standardized.person.2024.be.calibration,BE,CALIBRATION,cell.076,25,35,income.low,household.one-person,GAMER,EVER_PAYER,31,10000
standardized.person.2024.be.calibration,BE,CALIBRATION,cell.077,25,35,income.low,household.one-person,GAMER,NEVER_PAYER,11,1250
standardized.person.2024.be.calibration,BE,CALIBRATION,cell.078,25,35,income.low,household.one-person,NON_GAMER,EVER_PAYER,3,10000
standardized.person.2024.be.calibration,BE,CALIBRATION,cell.079,25,35,income.low,household.one-person,NON_GAMER,NEVER_PAYER,1,125
standardized.person.2024.be.calibration,BE,CALIBRATION,cell.080,25,35,income.low,household.multi-no-minor,GAMER,EVER_PAYER,19,5000
standardized.person.2024.be.calibration,BE,CALIBRATION,cell.081,25,35,income.low,household.multi-no-minor,GAMER,NEVER_PAYER,27,2500
standardized.person.2024.be.calibration,BE,CALIBRATION,cell.082,25,35,income.low,household.multi-no-minor,NON_GAMER,EVER_PAYER,3,10000
standardized.person.2024.be.calibration,BE,CALIBRATION,cell.083,25,35,income.low,household.multi-no-minor,NON_GAMER,NEVER_PAYER,49,5000
standardized.person.2024.be.calibration,BE,CALIBRATION,cell.084,25,35,income.middle,household.with-minor,GAMER,EVER_PAYER,21,10000
standardized.person.2024.be.calibration,BE,CALIBRATION,cell.085,25,35,income.middle,household.with-minor,GAMER,NEVER_PAYER,21,5000
standardized.person.2024.be.calibration,BE,CALIBRATION,cell.086,25,35,income.middle,household.with-minor,NON_GAMER,EVER_PAYER,1,5000
standardized.person.2024.be.calibration,BE,CALIBRATION,cell.087,25,35,income.middle,household.with-minor,NON_GAMER,NEVER_PAYER,21,5000
standardized.person.2024.be.calibration,BE,CALIBRATION,cell.088,25,35,income.middle,household.one-person,GAMER,EVER_PAYER,49,10000
standardized.person.2024.be.calibration,BE,CALIBRATION,cell.089,25,35,income.middle,household.one-person,GAMER,NEVER_PAYER,99,10000
standardized.person.2024.be.calibration,BE,CALIBRATION,cell.090,25,35,income.middle,household.one-person,NON_GAMER,EVER_PAYER,1,2000
standardized.person.2024.be.calibration,BE,CALIBRATION,cell.091,25,35,income.middle,household.one-person,NON_GAMER,NEVER_PAYER,97,10000
standardized.person.2024.be.calibration,BE,CALIBRATION,cell.092,25,35,income.middle,household.multi-no-minor,GAMER,EVER_PAYER,7,1000
standardized.person.2024.be.calibration,BE,CALIBRATION,cell.093,25,35,income.middle,household.multi-no-minor,GAMER,NEVER_PAYER,141,10000
standardized.person.2024.be.calibration,BE,CALIBRATION,cell.094,25,35,income.middle,household.multi-no-minor,NON_GAMER,EVER_PAYER,7,10000
standardized.person.2024.be.calibration,BE,CALIBRATION,cell.095,25,35,income.middle,household.multi-no-minor,NON_GAMER,NEVER_PAYER,139,10000
standardized.person.2024.be.calibration,BE,CALIBRATION,cell.096,25,35,income.high,household.with-minor,GAMER,EVER_PAYER,21,10000
standardized.person.2024.be.calibration,BE,CALIBRATION,cell.097,25,35,income.high,household.with-minor,GAMER,NEVER_PAYER,31,10000
standardized.person.2024.be.calibration,BE,CALIBRATION,cell.098,25,35,income.high,household.with-minor,NON_GAMER,EVER_PAYER,3,10000
standardized.person.2024.be.calibration,BE,CALIBRATION,cell.099,25,35,income.high,household.with-minor,NON_GAMER,NEVER_PAYER,33,10000
standardized.person.2024.be.calibration,BE,CALIBRATION,cell.100,25,35,income.high,household.one-person,GAMER,EVER_PAYER,17,5000
standardized.person.2024.be.calibration,BE,CALIBRATION,cell.101,25,35,income.high,household.one-person,GAMER,NEVER_PAYER,51,10000
standardized.person.2024.be.calibration,BE,CALIBRATION,cell.102,25,35,income.high,household.one-person,NON_GAMER,EVER_PAYER,1,2500
standardized.person.2024.be.calibration,BE,CALIBRATION,cell.103,25,35,income.high,household.one-person,NON_GAMER,NEVER_PAYER,27,5000
standardized.person.2024.be.calibration,BE,CALIBRATION,cell.104,25,35,income.high,household.multi-no-minor,GAMER,EVER_PAYER,29,5000
standardized.person.2024.be.calibration,BE,CALIBRATION,cell.105,25,35,income.high,household.multi-no-minor,GAMER,NEVER_PAYER,87,10000
standardized.person.2024.be.calibration,BE,CALIBRATION,cell.106,25,35,income.high,household.multi-no-minor,NON_GAMER,EVER_PAYER,7,10000
standardized.person.2024.be.calibration,BE,CALIBRATION,cell.107,25,35,income.high,household.multi-no-minor,NON_GAMER,NEVER_PAYER,47,5000
standardized.person.2024.be.calibration,BE,CALIBRATION,cell.108,35,45,income.low,household.with-minor,GAMER,EVER_PAYER,1,1250
standardized.person.2024.be.calibration,BE,CALIBRATION,cell.109,35,45,income.low,household.with-minor,GAMER,NEVER_PAYER,13,5000
standardized.person.2024.be.calibration,BE,CALIBRATION,cell.110,35,45,income.low,household.with-minor,NON_GAMER,EVER_PAYER,1,10000
standardized.person.2024.be.calibration,BE,CALIBRATION,cell.111,35,45,income.low,household.with-minor,NON_GAMER,NEVER_PAYER,9,2500
standardized.person.2024.be.calibration,BE,CALIBRATION,cell.112,35,45,income.low,household.one-person,GAMER,EVER_PAYER,1,625
standardized.person.2024.be.calibration,BE,CALIBRATION,cell.113,35,45,income.low,household.one-person,GAMER,NEVER_PAYER,49,10000
standardized.person.2024.be.calibration,BE,CALIBRATION,cell.114,35,45,income.low,household.one-person,NON_GAMER,EVER_PAYER,1,5000
standardized.person.2024.be.calibration,BE,CALIBRATION,cell.115,35,45,income.low,household.one-person,NON_GAMER,NEVER_PAYER,17,2500
standardized.person.2024.be.calibration,BE,CALIBRATION,cell.116,35,45,income.low,household.multi-no-minor,GAMER,EVER_PAYER,29,10000
standardized.person.2024.be.calibration,BE,CALIBRATION,cell.117,35,45,income.low,household.multi-no-minor,GAMER,NEVER_PAYER,9,1000
standardized.person.2024.be.calibration,BE,CALIBRATION,cell.118,35,45,income.low,household.multi-no-minor,NON_GAMER,EVER_PAYER,1,2500
standardized.person.2024.be.calibration,BE,CALIBRATION,cell.119,35,45,income.low,household.multi-no-minor,NON_GAMER,NEVER_PAYER,1,80
standardized.person.2024.be.calibration,BE,CALIBRATION,cell.120,35,45,income.middle,household.with-minor,GAMER,EVER_PAYER,23,10000
standardized.person.2024.be.calibration,BE,CALIBRATION,cell.121,35,45,income.middle,household.with-minor,GAMER,NEVER_PAYER,51,10000
standardized.person.2024.be.calibration,BE,CALIBRATION,cell.122,35,45,income.middle,household.with-minor,NON_GAMER,EVER_PAYER,1,2500
standardized.person.2024.be.calibration,BE,CALIBRATION,cell.123,35,45,income.middle,household.with-minor,NON_GAMER,NEVER_PAYER,77,10000
standardized.person.2024.be.calibration,BE,CALIBRATION,cell.124,35,45,income.middle,household.one-person,GAMER,EVER_PAYER,29,10000
standardized.person.2024.be.calibration,BE,CALIBRATION,cell.125,35,45,income.middle,household.one-person,GAMER,NEVER_PAYER,4,625
standardized.person.2024.be.calibration,BE,CALIBRATION,cell.126,35,45,income.middle,household.one-person,NON_GAMER,EVER_PAYER,1,2000
standardized.person.2024.be.calibration,BE,CALIBRATION,cell.127,35,45,income.middle,household.one-person,NON_GAMER,NEVER_PAYER,6,625
standardized.person.2024.be.calibration,BE,CALIBRATION,cell.128,35,45,income.middle,household.multi-no-minor,GAMER,EVER_PAYER,63,10000
standardized.person.2024.be.calibration,BE,CALIBRATION,cell.129,35,45,income.middle,household.multi-no-minor,GAMER,NEVER_PAYER,141,10000
standardized.person.2024.be.calibration,BE,CALIBRATION,cell.130,35,45,income.middle,household.multi-no-minor,NON_GAMER,EVER_PAYER,11,10000
standardized.person.2024.be.calibration,BE,CALIBRATION,cell.131,35,45,income.middle,household.multi-no-minor,NON_GAMER,NEVER_PAYER,21,1000
standardized.person.2024.be.calibration,BE,CALIBRATION,cell.132,35,45,income.high,household.with-minor,GAMER,EVER_PAYER,3,1250
standardized.person.2024.be.calibration,BE,CALIBRATION,cell.133,35,45,income.high,household.with-minor,GAMER,NEVER_PAYER,1,250
standardized.person.2024.be.calibration,BE,CALIBRATION,cell.134,35,45,income.high,household.with-minor,NON_GAMER,EVER_PAYER,1,2000
standardized.person.2024.be.calibration,BE,CALIBRATION,cell.135,35,45,income.high,household.with-minor,NON_GAMER,NEVER_PAYER,4,625
standardized.person.2024.be.calibration,BE,CALIBRATION,cell.136,35,45,income.high,household.one-person,GAMER,EVER_PAYER,11,5000
standardized.person.2024.be.calibration,BE,CALIBRATION,cell.137,35,45,income.high,household.one-person,GAMER,NEVER_PAYER,9,2500
standardized.person.2024.be.calibration,BE,CALIBRATION,cell.138,35,45,income.high,household.one-person,NON_GAMER,EVER_PAYER,1,2500
standardized.person.2024.be.calibration,BE,CALIBRATION,cell.139,35,45,income.high,household.one-person,NON_GAMER,NEVER_PAYER,59,10000
standardized.person.2024.be.calibration,BE,CALIBRATION,cell.140,35,45,income.high,household.multi-no-minor,GAMER,EVER_PAYER,29,5000
standardized.person.2024.be.calibration,BE,CALIBRATION,cell.141,35,45,income.high,household.multi-no-minor,GAMER,NEVER_PAYER,47,5000
standardized.person.2024.be.calibration,BE,CALIBRATION,cell.142,35,45,income.high,household.multi-no-minor,NON_GAMER,EVER_PAYER,3,2500
standardized.person.2024.be.calibration,BE,CALIBRATION,cell.143,35,45,income.high,household.multi-no-minor,NON_GAMER,NEVER_PAYER,153,10000
standardized.person.2024.be.calibration,BE,CALIBRATION,cell.144,45,55,income.low,household.with-minor,GAMER,EVER_PAYER,1,5000
standardized.person.2024.be.calibration,BE,CALIBRATION,cell.145,45,55,income.low,household.with-minor,GAMER,NEVER_PAYER,7,10000
standardized.person.2024.be.calibration,BE,CALIBRATION,cell.146,45,55,income.low,household.with-minor,NON_GAMER,EVER_PAYER,0,1
standardized.person.2024.be.calibration,BE,CALIBRATION,cell.147,45,55,income.low,household.with-minor,NON_GAMER,NEVER_PAYER,7,5000
standardized.person.2024.be.calibration,BE,CALIBRATION,cell.148,45,55,income.low,household.one-person,GAMER,EVER_PAYER,3,2500
standardized.person.2024.be.calibration,BE,CALIBRATION,cell.149,45,55,income.low,household.one-person,GAMER,NEVER_PAYER,37,10000
standardized.person.2024.be.calibration,BE,CALIBRATION,cell.150,45,55,income.low,household.one-person,NON_GAMER,EVER_PAYER,1,5000
standardized.person.2024.be.calibration,BE,CALIBRATION,cell.151,45,55,income.low,household.one-person,NON_GAMER,NEVER_PAYER,19,2500
standardized.person.2024.be.calibration,BE,CALIBRATION,cell.152,45,55,income.low,household.multi-no-minor,GAMER,EVER_PAYER,11,5000
standardized.person.2024.be.calibration,BE,CALIBRATION,cell.153,45,55,income.low,household.multi-no-minor,GAMER,NEVER_PAYER,71,10000
standardized.person.2024.be.calibration,BE,CALIBRATION,cell.154,45,55,income.low,household.multi-no-minor,NON_GAMER,EVER_PAYER,1,2000
standardized.person.2024.be.calibration,BE,CALIBRATION,cell.155,45,55,income.low,household.multi-no-minor,NON_GAMER,NEVER_PAYER,37,2500
standardized.person.2024.be.calibration,BE,CALIBRATION,cell.156,45,55,income.middle,household.with-minor,GAMER,EVER_PAYER,1,1250
standardized.person.2024.be.calibration,BE,CALIBRATION,cell.157,45,55,income.middle,household.with-minor,GAMER,NEVER_PAYER,17,10000
standardized.person.2024.be.calibration,BE,CALIBRATION,cell.158,45,55,income.middle,household.with-minor,NON_GAMER,EVER_PAYER,1,5000
standardized.person.2024.be.calibration,BE,CALIBRATION,cell.159,45,55,income.middle,household.with-minor,NON_GAMER,NEVER_PAYER,37,10000
standardized.person.2024.be.calibration,BE,CALIBRATION,cell.160,45,55,income.middle,household.one-person,GAMER,EVER_PAYER,1,400
standardized.person.2024.be.calibration,BE,CALIBRATION,cell.161,45,55,income.middle,household.one-person,GAMER,NEVER_PAYER,7,1250
standardized.person.2024.be.calibration,BE,CALIBRATION,cell.162,45,55,income.middle,household.one-person,NON_GAMER,EVER_PAYER,7,10000
standardized.person.2024.be.calibration,BE,CALIBRATION,cell.163,45,55,income.middle,household.one-person,NON_GAMER,NEVER_PAYER,63,5000
standardized.person.2024.be.calibration,BE,CALIBRATION,cell.164,45,55,income.middle,household.multi-no-minor,GAMER,EVER_PAYER,61,10000
standardized.person.2024.be.calibration,BE,CALIBRATION,cell.165,45,55,income.middle,household.multi-no-minor,GAMER,NEVER_PAYER,27,2000
standardized.person.2024.be.calibration,BE,CALIBRATION,cell.166,45,55,income.middle,household.multi-no-minor,NON_GAMER,EVER_PAYER,1,625
standardized.person.2024.be.calibration,BE,CALIBRATION,cell.167,45,55,income.middle,household.multi-no-minor,NON_GAMER,NEVER_PAYER,303,10000
standardized.person.2024.be.calibration,BE,CALIBRATION,cell.168,45,55,income.high,household.with-minor,GAMER,EVER_PAYER,1,1250
standardized.person.2024.be.calibration,BE,CALIBRATION,cell.169,45,55,income.high,household.with-minor,GAMER,NEVER_PAYER,7,5000
standardized.person.2024.be.calibration,BE,CALIBRATION,cell.170,45,55,income.high,household.with-minor,NON_GAMER,EVER_PAYER,3,10000
standardized.person.2024.be.calibration,BE,CALIBRATION,cell.171,45,55,income.high,household.with-minor,NON_GAMER,NEVER_PAYER,33,10000
standardized.person.2024.be.calibration,BE,CALIBRATION,cell.172,45,55,income.high,household.one-person,GAMER,EVER_PAYER,21,10000
standardized.person.2024.be.calibration,BE,CALIBRATION,cell.173,45,55,income.high,household.one-person,GAMER,NEVER_PAYER,17,5000
standardized.person.2024.be.calibration,BE,CALIBRATION,cell.174,45,55,income.high,household.one-person,NON_GAMER,EVER_PAYER,3,5000
standardized.person.2024.be.calibration,BE,CALIBRATION,cell.175,45,55,income.high,household.one-person,NON_GAMER,NEVER_PAYER,21,2500
standardized.person.2024.be.calibration,BE,CALIBRATION,cell.176,45,55,income.high,household.multi-no-minor,GAMER,EVER_PAYER,59,10000
standardized.person.2024.be.calibration,BE,CALIBRATION,cell.177,45,55,income.high,household.multi-no-minor,GAMER,NEVER_PAYER,97,10000
standardized.person.2024.be.calibration,BE,CALIBRATION,cell.178,45,55,income.high,household.multi-no-minor,NON_GAMER,EVER_PAYER,9,5000
standardized.person.2024.be.calibration,BE,CALIBRATION,cell.179,45,55,income.high,household.multi-no-minor,NON_GAMER,NEVER_PAYER,59,2500
standardized.person.2024.be.calibration,BE,CALIBRATION,cell.180,55,70,income.low,household.with-minor,GAMER,EVER_PAYER,0,1
standardized.person.2024.be.calibration,BE,CALIBRATION,cell.181,55,70,income.low,household.with-minor,GAMER,NEVER_PAYER,1,10000
standardized.person.2024.be.calibration,BE,CALIBRATION,cell.182,55,70,income.low,household.with-minor,NON_GAMER,EVER_PAYER,0,1
standardized.person.2024.be.calibration,BE,CALIBRATION,cell.183,55,70,income.low,household.with-minor,NON_GAMER,NEVER_PAYER,1,2500
standardized.person.2024.be.calibration,BE,CALIBRATION,cell.184,55,70,income.low,household.one-person,GAMER,EVER_PAYER,13,10000
standardized.person.2024.be.calibration,BE,CALIBRATION,cell.185,55,70,income.low,household.one-person,GAMER,NEVER_PAYER,41,10000
standardized.person.2024.be.calibration,BE,CALIBRATION,cell.186,55,70,income.low,household.one-person,NON_GAMER,EVER_PAYER,1,2500
standardized.person.2024.be.calibration,BE,CALIBRATION,cell.187,55,70,income.low,household.one-person,NON_GAMER,NEVER_PAYER,71,5000
standardized.person.2024.be.calibration,BE,CALIBRATION,cell.188,55,70,income.low,household.multi-no-minor,GAMER,EVER_PAYER,1,625
standardized.person.2024.be.calibration,BE,CALIBRATION,cell.189,55,70,income.low,household.multi-no-minor,GAMER,NEVER_PAYER,1,200
standardized.person.2024.be.calibration,BE,CALIBRATION,cell.190,55,70,income.low,household.multi-no-minor,NON_GAMER,EVER_PAYER,1,2000
standardized.person.2024.be.calibration,BE,CALIBRATION,cell.191,55,70,income.low,household.multi-no-minor,NON_GAMER,NEVER_PAYER,173,10000
standardized.person.2024.be.calibration,BE,CALIBRATION,cell.192,55,70,income.middle,household.with-minor,GAMER,EVER_PAYER,1,5000
standardized.person.2024.be.calibration,BE,CALIBRATION,cell.193,55,70,income.middle,household.with-minor,GAMER,NEVER_PAYER,1,2500
standardized.person.2024.be.calibration,BE,CALIBRATION,cell.194,55,70,income.middle,household.with-minor,NON_GAMER,EVER_PAYER,1,10000
standardized.person.2024.be.calibration,BE,CALIBRATION,cell.195,55,70,income.middle,household.with-minor,NON_GAMER,NEVER_PAYER,3,2000
standardized.person.2024.be.calibration,BE,CALIBRATION,cell.196,55,70,income.middle,household.one-person,GAMER,EVER_PAYER,17,5000
standardized.person.2024.be.calibration,BE,CALIBRATION,cell.197,55,70,income.middle,household.one-person,GAMER,NEVER_PAYER,19,2500
standardized.person.2024.be.calibration,BE,CALIBRATION,cell.198,55,70,income.middle,household.one-person,NON_GAMER,EVER_PAYER,3,2000
standardized.person.2024.be.calibration,BE,CALIBRATION,cell.199,55,70,income.middle,household.one-person,NON_GAMER,NEVER_PAYER,57,2000
standardized.person.2024.be.calibration,BE,CALIBRATION,cell.200,55,70,income.middle,household.multi-no-minor,GAMER,EVER_PAYER,27,5000
standardized.person.2024.be.calibration,BE,CALIBRATION,cell.201,55,70,income.middle,household.multi-no-minor,GAMER,NEVER_PAYER,121,10000
standardized.person.2024.be.calibration,BE,CALIBRATION,cell.202,55,70,income.middle,household.multi-no-minor,NON_GAMER,EVER_PAYER,3,1250
standardized.person.2024.be.calibration,BE,CALIBRATION,cell.203,55,70,income.middle,household.multi-no-minor,NON_GAMER,NEVER_PAYER,449,10000
standardized.person.2024.be.calibration,BE,CALIBRATION,cell.204,55,70,income.high,household.with-minor,GAMER,EVER_PAYER,1,5000
standardized.person.2024.be.calibration,BE,CALIBRATION,cell.205,55,70,income.high,household.with-minor,GAMER,NEVER_PAYER,3,10000
standardized.person.2024.be.calibration,BE,CALIBRATION,cell.206,55,70,income.high,household.with-minor,NON_GAMER,EVER_PAYER,1,10000
standardized.person.2024.be.calibration,BE,CALIBRATION,cell.207,55,70,income.high,household.with-minor,NON_GAMER,NEVER_PAYER,7,5000
standardized.person.2024.be.calibration,BE,CALIBRATION,cell.208,55,70,income.high,household.one-person,GAMER,EVER_PAYER,31,10000
standardized.person.2024.be.calibration,BE,CALIBRATION,cell.209,55,70,income.high,household.one-person,GAMER,NEVER_PAYER,1,200
standardized.person.2024.be.calibration,BE,CALIBRATION,cell.210,55,70,income.high,household.one-person,NON_GAMER,EVER_PAYER,3,2000
standardized.person.2024.be.calibration,BE,CALIBRATION,cell.211,55,70,income.high,household.one-person,NON_GAMER,NEVER_PAYER,51,2500
standardized.person.2024.be.calibration,BE,CALIBRATION,cell.212,55,70,income.high,household.multi-no-minor,GAMER,EVER_PAYER,7,1250
standardized.person.2024.be.calibration,BE,CALIBRATION,cell.213,55,70,income.high,household.multi-no-minor,GAMER,NEVER_PAYER,23,2500
standardized.person.2024.be.calibration,BE,CALIBRATION,cell.214,55,70,income.high,household.multi-no-minor,NON_GAMER,EVER_PAYER,7,2500
standardized.person.2024.be.calibration,BE,CALIBRATION,cell.215,55,70,income.high,household.multi-no-minor,NON_GAMER,NEVER_PAYER,93,2500
standardized.person.2024.be.validation,BE,VALIDATION,cell.000,10,18,income.low,household.with-minor,GAMER,EVER_PAYER,19,2500
standardized.person.2024.be.validation,BE,VALIDATION,cell.001,10,18,income.low,household.with-minor,GAMER,NEVER_PAYER,103,5000
standardized.person.2024.be.validation,BE,VALIDATION,cell.002,10,18,income.low,household.with-minor,NON_GAMER,EVER_PAYER,1,2500
standardized.person.2024.be.validation,BE,VALIDATION,cell.003,10,18,income.low,household.with-minor,NON_GAMER,NEVER_PAYER,33,5000
standardized.person.2024.be.validation,BE,VALIDATION,cell.004,10,18,income.low,household.one-person,GAMER,EVER_PAYER,0,1
standardized.person.2024.be.validation,BE,VALIDATION,cell.005,10,18,income.low,household.one-person,GAMER,NEVER_PAYER,0,1
standardized.person.2024.be.validation,BE,VALIDATION,cell.006,10,18,income.low,household.one-person,NON_GAMER,EVER_PAYER,0,1
standardized.person.2024.be.validation,BE,VALIDATION,cell.007,10,18,income.low,household.one-person,NON_GAMER,NEVER_PAYER,0,1
standardized.person.2024.be.validation,BE,VALIDATION,cell.008,10,18,income.low,household.multi-no-minor,GAMER,EVER_PAYER,0,1
standardized.person.2024.be.validation,BE,VALIDATION,cell.009,10,18,income.low,household.multi-no-minor,GAMER,NEVER_PAYER,0,1
standardized.person.2024.be.validation,BE,VALIDATION,cell.010,10,18,income.low,household.multi-no-minor,NON_GAMER,EVER_PAYER,0,1
standardized.person.2024.be.validation,BE,VALIDATION,cell.011,10,18,income.low,household.multi-no-minor,NON_GAMER,NEVER_PAYER,0,1
standardized.person.2024.be.validation,BE,VALIDATION,cell.012,10,18,income.middle,household.with-minor,GAMER,EVER_PAYER,3,250
standardized.person.2024.be.validation,BE,VALIDATION,cell.013,10,18,income.middle,household.with-minor,GAMER,NEVER_PAYER,29,1250
standardized.person.2024.be.validation,BE,VALIDATION,cell.014,10,18,income.middle,household.with-minor,NON_GAMER,EVER_PAYER,7,10000
standardized.person.2024.be.validation,BE,VALIDATION,cell.015,10,18,income.middle,household.with-minor,NON_GAMER,NEVER_PAYER,81,10000
standardized.person.2024.be.validation,BE,VALIDATION,cell.016,10,18,income.middle,household.one-person,GAMER,EVER_PAYER,0,1
standardized.person.2024.be.validation,BE,VALIDATION,cell.017,10,18,income.middle,household.one-person,GAMER,NEVER_PAYER,0,1
standardized.person.2024.be.validation,BE,VALIDATION,cell.018,10,18,income.middle,household.one-person,NON_GAMER,EVER_PAYER,0,1
standardized.person.2024.be.validation,BE,VALIDATION,cell.019,10,18,income.middle,household.one-person,NON_GAMER,NEVER_PAYER,0,1
standardized.person.2024.be.validation,BE,VALIDATION,cell.020,10,18,income.middle,household.multi-no-minor,GAMER,EVER_PAYER,0,1
standardized.person.2024.be.validation,BE,VALIDATION,cell.021,10,18,income.middle,household.multi-no-minor,GAMER,NEVER_PAYER,0,1
standardized.person.2024.be.validation,BE,VALIDATION,cell.022,10,18,income.middle,household.multi-no-minor,NON_GAMER,EVER_PAYER,0,1
standardized.person.2024.be.validation,BE,VALIDATION,cell.023,10,18,income.middle,household.multi-no-minor,NON_GAMER,NEVER_PAYER,0,1
standardized.person.2024.be.validation,BE,VALIDATION,cell.024,10,18,income.high,household.with-minor,GAMER,EVER_PAYER,101,10000
standardized.person.2024.be.validation,BE,VALIDATION,cell.025,10,18,income.high,household.with-minor,GAMER,NEVER_PAYER,29,2000
standardized.person.2024.be.validation,BE,VALIDATION,cell.026,10,18,income.high,household.with-minor,NON_GAMER,EVER_PAYER,3,5000
standardized.person.2024.be.validation,BE,VALIDATION,cell.027,10,18,income.high,household.with-minor,NON_GAMER,NEVER_PAYER,11,2000
standardized.person.2024.be.validation,BE,VALIDATION,cell.028,10,18,income.high,household.one-person,GAMER,EVER_PAYER,0,1
standardized.person.2024.be.validation,BE,VALIDATION,cell.029,10,18,income.high,household.one-person,GAMER,NEVER_PAYER,0,1
standardized.person.2024.be.validation,BE,VALIDATION,cell.030,10,18,income.high,household.one-person,NON_GAMER,EVER_PAYER,0,1
standardized.person.2024.be.validation,BE,VALIDATION,cell.031,10,18,income.high,household.one-person,NON_GAMER,NEVER_PAYER,0,1
standardized.person.2024.be.validation,BE,VALIDATION,cell.032,10,18,income.high,household.multi-no-minor,GAMER,EVER_PAYER,0,1
standardized.person.2024.be.validation,BE,VALIDATION,cell.033,10,18,income.high,household.multi-no-minor,GAMER,NEVER_PAYER,0,1
standardized.person.2024.be.validation,BE,VALIDATION,cell.034,10,18,income.high,household.multi-no-minor,NON_GAMER,EVER_PAYER,0,1
standardized.person.2024.be.validation,BE,VALIDATION,cell.035,10,18,income.high,household.multi-no-minor,NON_GAMER,NEVER_PAYER,0,1
standardized.person.2024.be.validation,BE,VALIDATION,cell.036,18,25,income.low,household.with-minor,GAMER,EVER_PAYER,3,5000
standardized.person.2024.be.validation,BE,VALIDATION,cell.037,18,25,income.low,household.with-minor,GAMER,NEVER_PAYER,17,10000
standardized.person.2024.be.validation,BE,VALIDATION,cell.038,18,25,income.low,household.with-minor,NON_GAMER,EVER_PAYER,1,10000
standardized.person.2024.be.validation,BE,VALIDATION,cell.039,18,25,income.low,household.with-minor,NON_GAMER,NEVER_PAYER,1,1000
standardized.person.2024.be.validation,BE,VALIDATION,cell.040,18,25,income.low,household.one-person,GAMER,EVER_PAYER,7,2000
standardized.person.2024.be.validation,BE,VALIDATION,cell.041,18,25,income.low,household.one-person,GAMER,NEVER_PAYER,21,2000
standardized.person.2024.be.validation,BE,VALIDATION,cell.042,18,25,income.low,household.one-person,NON_GAMER,EVER_PAYER,3,10000
standardized.person.2024.be.validation,BE,VALIDATION,cell.043,18,25,income.low,household.one-person,NON_GAMER,NEVER_PAYER,31,5000
standardized.person.2024.be.validation,BE,VALIDATION,cell.044,18,25,income.low,household.multi-no-minor,GAMER,EVER_PAYER,3,1000
standardized.person.2024.be.validation,BE,VALIDATION,cell.045,18,25,income.low,household.multi-no-minor,GAMER,NEVER_PAYER,91,10000
standardized.person.2024.be.validation,BE,VALIDATION,cell.046,18,25,income.low,household.multi-no-minor,NON_GAMER,EVER_PAYER,3,10000
standardized.person.2024.be.validation,BE,VALIDATION,cell.047,18,25,income.low,household.multi-no-minor,NON_GAMER,NEVER_PAYER,27,5000
standardized.person.2024.be.validation,BE,VALIDATION,cell.048,18,25,income.middle,household.with-minor,GAMER,EVER_PAYER,11,10000
standardized.person.2024.be.validation,BE,VALIDATION,cell.049,18,25,income.middle,household.with-minor,GAMER,NEVER_PAYER,23,10000
standardized.person.2024.be.validation,BE,VALIDATION,cell.050,18,25,income.middle,household.with-minor,NON_GAMER,EVER_PAYER,1,10000
standardized.person.2024.be.validation,BE,VALIDATION,cell.051,18,25,income.middle,household.with-minor,NON_GAMER,NEVER_PAYER,3,2000
standardized.person.2024.be.validation,BE,VALIDATION,cell.052,18,25,income.middle,household.one-person,GAMER,EVER_PAYER,3,625
standardized.person.2024.be.validation,BE,VALIDATION,cell.053,18,25,income.middle,household.one-person,GAMER,NEVER_PAYER,51,5000
standardized.person.2024.be.validation,BE,VALIDATION,cell.054,18,25,income.middle,household.one-person,NON_GAMER,EVER_PAYER,1,2000
standardized.person.2024.be.validation,BE,VALIDATION,cell.055,18,25,income.middle,household.one-person,NON_GAMER,NEVER_PAYER,33,5000
standardized.person.2024.be.validation,BE,VALIDATION,cell.056,18,25,income.middle,household.multi-no-minor,GAMER,EVER_PAYER,3,625
standardized.person.2024.be.validation,BE,VALIDATION,cell.057,18,25,income.middle,household.multi-no-minor,GAMER,NEVER_PAYER,51,5000
standardized.person.2024.be.validation,BE,VALIDATION,cell.058,18,25,income.middle,household.multi-no-minor,NON_GAMER,EVER_PAYER,1,2000
standardized.person.2024.be.validation,BE,VALIDATION,cell.059,18,25,income.middle,household.multi-no-minor,NON_GAMER,NEVER_PAYER,33,5000
standardized.person.2024.be.validation,BE,VALIDATION,cell.060,18,25,income.high,household.with-minor,GAMER,EVER_PAYER,1,1000
standardized.person.2024.be.validation,BE,VALIDATION,cell.061,18,25,income.high,household.with-minor,GAMER,NEVER_PAYER,3,2000
standardized.person.2024.be.validation,BE,VALIDATION,cell.062,18,25,income.high,household.with-minor,NON_GAMER,EVER_PAYER,1,10000
standardized.person.2024.be.validation,BE,VALIDATION,cell.063,18,25,income.high,household.with-minor,NON_GAMER,NEVER_PAYER,11,10000
standardized.person.2024.be.validation,BE,VALIDATION,cell.064,18,25,income.high,household.one-person,GAMER,EVER_PAYER,3,1000
standardized.person.2024.be.validation,BE,VALIDATION,cell.065,18,25,income.high,household.one-person,GAMER,NEVER_PAYER,47,10000
standardized.person.2024.be.validation,BE,VALIDATION,cell.066,18,25,income.high,household.one-person,NON_GAMER,EVER_PAYER,3,10000
standardized.person.2024.be.validation,BE,VALIDATION,cell.067,18,25,income.high,household.one-person,NON_GAMER,NEVER_PAYER,33,10000
standardized.person.2024.be.validation,BE,VALIDATION,cell.068,18,25,income.high,household.multi-no-minor,GAMER,EVER_PAYER,37,10000
standardized.person.2024.be.validation,BE,VALIDATION,cell.069,18,25,income.high,household.multi-no-minor,GAMER,NEVER_PAYER,29,5000
standardized.person.2024.be.validation,BE,VALIDATION,cell.070,18,25,income.high,household.multi-no-minor,NON_GAMER,EVER_PAYER,1,2500
standardized.person.2024.be.validation,BE,VALIDATION,cell.071,18,25,income.high,household.multi-no-minor,NON_GAMER,NEVER_PAYER,41,10000
standardized.person.2024.be.validation,BE,VALIDATION,cell.072,25,35,income.low,household.with-minor,GAMER,EVER_PAYER,1,1250
standardized.person.2024.be.validation,BE,VALIDATION,cell.073,25,35,income.low,household.with-minor,GAMER,NEVER_PAYER,13,5000
standardized.person.2024.be.validation,BE,VALIDATION,cell.074,25,35,income.low,household.with-minor,NON_GAMER,EVER_PAYER,1,10000
standardized.person.2024.be.validation,BE,VALIDATION,cell.075,25,35,income.low,household.with-minor,NON_GAMER,NEVER_PAYER,13,5000
standardized.person.2024.be.validation,BE,VALIDATION,cell.076,25,35,income.low,household.one-person,GAMER,EVER_PAYER,13,5000
standardized.person.2024.be.validation,BE,VALIDATION,cell.077,25,35,income.low,household.one-person,GAMER,NEVER_PAYER,43,5000
standardized.person.2024.be.validation,BE,VALIDATION,cell.078,25,35,income.low,household.one-person,NON_GAMER,EVER_PAYER,1,2500
standardized.person.2024.be.validation,BE,VALIDATION,cell.079,25,35,income.low,household.one-person,NON_GAMER,NEVER_PAYER,87,10000
standardized.person.2024.be.validation,BE,VALIDATION,cell.080,25,35,income.low,household.multi-no-minor,GAMER,EVER_PAYER,31,10000
standardized.person.2024.be.validation,BE,VALIDATION,cell.081,25,35,income.low,household.multi-no-minor,GAMER,NEVER_PAYER,13,1250
standardized.person.2024.be.validation,BE,VALIDATION,cell.082,25,35,income.low,household.multi-no-minor,NON_GAMER,EVER_PAYER,1,2500
standardized.person.2024.be.validation,BE,VALIDATION,cell.083,25,35,income.low,household.multi-no-minor,NON_GAMER,NEVER_PAYER,53,5000
standardized.person.2024.be.validation,BE,VALIDATION,cell.084,25,35,income.middle,household.with-minor,GAMER,EVER_PAYER,9,5000
standardized.person.2024.be.validation,BE,VALIDATION,cell.085,25,35,income.middle,household.with-minor,GAMER,NEVER_PAYER,41,10000
standardized.person.2024.be.validation,BE,VALIDATION,cell.086,25,35,income.middle,household.with-minor,NON_GAMER,EVER_PAYER,3,10000
standardized.person.2024.be.validation,BE,VALIDATION,cell.087,25,35,income.middle,household.with-minor,NON_GAMER,NEVER_PAYER,9,2000
standardized.person.2024.be.validation,BE,VALIDATION,cell.088,25,35,income.middle,household.one-person,GAMER,EVER_PAYER,41,10000
standardized.person.2024.be.validation,BE,VALIDATION,cell.089,25,35,income.middle,household.one-person,GAMER,NEVER_PAYER,6,625
standardized.person.2024.be.validation,BE,VALIDATION,cell.090,25,35,income.middle,household.one-person,NON_GAMER,EVER_PAYER,7,10000
standardized.person.2024.be.validation,BE,VALIDATION,cell.091,25,35,income.middle,household.one-person,NON_GAMER,NEVER_PAYER,53,5000
standardized.person.2024.be.validation,BE,VALIDATION,cell.092,25,35,income.middle,household.multi-no-minor,GAMER,EVER_PAYER,59,10000
standardized.person.2024.be.validation,BE,VALIDATION,cell.093,25,35,income.middle,household.multi-no-minor,GAMER,NEVER_PAYER,137,10000
standardized.person.2024.be.validation,BE,VALIDATION,cell.094,25,35,income.middle,household.multi-no-minor,NON_GAMER,EVER_PAYER,1,1000
standardized.person.2024.be.validation,BE,VALIDATION,cell.095,25,35,income.middle,household.multi-no-minor,NON_GAMER,NEVER_PAYER,151,10000
standardized.person.2024.be.validation,BE,VALIDATION,cell.096,25,35,income.high,household.with-minor,GAMER,EVER_PAYER,9,5000
standardized.person.2024.be.validation,BE,VALIDATION,cell.097,25,35,income.high,household.with-minor,GAMER,NEVER_PAYER,3,1000
standardized.person.2024.be.validation,BE,VALIDATION,cell.098,25,35,income.high,household.with-minor,NON_GAMER,EVER_PAYER,3,10000
standardized.person.2024.be.validation,BE,VALIDATION,cell.099,25,35,income.high,household.with-minor,NON_GAMER,NEVER_PAYER,9,2500
standardized.person.2024.be.validation,BE,VALIDATION,cell.100,25,35,income.high,household.one-person,GAMER,EVER_PAYER,29,10000
standardized.person.2024.be.validation,BE,VALIDATION,cell.101,25,35,income.high,household.one-person,GAMER,NEVER_PAYER,49,10000
standardized.person.2024.be.validation,BE,VALIDATION,cell.102,25,35,income.high,household.one-person,NON_GAMER,EVER_PAYER,1,2000
standardized.person.2024.be.validation,BE,VALIDATION,cell.103,25,35,income.high,household.one-person,NON_GAMER,NEVER_PAYER,59,10000
standardized.person.2024.be.validation,BE,VALIDATION,cell.104,25,35,income.high,household.multi-no-minor,GAMER,EVER_PAYER,1,200
standardized.person.2024.be.validation,BE,VALIDATION,cell.105,25,35,income.high,household.multi-no-minor,GAMER,NEVER_PAYER,17,2000
standardized.person.2024.be.validation,BE,VALIDATION,cell.106,25,35,income.high,household.multi-no-minor,NON_GAMER,EVER_PAYER,9,10000
standardized.person.2024.be.validation,BE,VALIDATION,cell.107,25,35,income.high,household.multi-no-minor,NON_GAMER,NEVER_PAYER,51,5000
standardized.person.2024.be.validation,BE,VALIDATION,cell.108,35,45,income.low,household.with-minor,GAMER,EVER_PAYER,7,10000
standardized.person.2024.be.validation,BE,VALIDATION,cell.109,35,45,income.low,household.with-minor,GAMER,NEVER_PAYER,1,400
standardized.person.2024.be.validation,BE,VALIDATION,cell.110,35,45,income.low,household.with-minor,NON_GAMER,EVER_PAYER,1,5000
standardized.person.2024.be.validation,BE,VALIDATION,cell.111,35,45,income.low,household.with-minor,NON_GAMER,NEVER_PAYER,39,10000
standardized.person.2024.be.validation,BE,VALIDATION,cell.112,35,45,income.low,household.one-person,GAMER,EVER_PAYER,3,2500
standardized.person.2024.be.validation,BE,VALIDATION,cell.113,35,45,income.low,household.one-person,GAMER,NEVER_PAYER,47,10000
standardized.person.2024.be.validation,BE,VALIDATION,cell.114,35,45,income.low,household.one-person,NON_GAMER,EVER_PAYER,3,10000
standardized.person.2024.be.validation,BE,VALIDATION,cell.115,35,45,income.low,household.one-person,NON_GAMER,NEVER_PAYER,73,10000
standardized.person.2024.be.validation,BE,VALIDATION,cell.116,35,45,income.low,household.multi-no-minor,GAMER,EVER_PAYER,23,10000
standardized.person.2024.be.validation,BE,VALIDATION,cell.117,35,45,income.low,household.multi-no-minor,GAMER,NEVER_PAYER,43,5000
standardized.person.2024.be.validation,BE,VALIDATION,cell.118,35,45,income.low,household.multi-no-minor,NON_GAMER,EVER_PAYER,3,5000
standardized.person.2024.be.validation,BE,VALIDATION,cell.119,35,45,income.low,household.multi-no-minor,NON_GAMER,NEVER_PAYER,133,10000
standardized.person.2024.be.validation,BE,VALIDATION,cell.120,35,45,income.middle,household.with-minor,GAMER,EVER_PAYER,19,10000
standardized.person.2024.be.validation,BE,VALIDATION,cell.121,35,45,income.middle,household.with-minor,GAMER,NEVER_PAYER,49,10000
standardized.person.2024.be.validation,BE,VALIDATION,cell.122,35,45,income.middle,household.with-minor,NON_GAMER,EVER_PAYER,1,2000
standardized.person.2024.be.validation,BE,VALIDATION,cell.123,35,45,income.middle,household.with-minor,NON_GAMER,NEVER_PAYER,81,10000
standardized.person.2024.be.validation,BE,VALIDATION,cell.124,35,45,income.middle,household.one-person,GAMER,EVER_PAYER,3,1250
standardized.person.2024.be.validation,BE,VALIDATION,cell.125,35,45,income.middle,household.one-person,GAMER,NEVER_PAYER,61,10000
standardized.person.2024.be.validation,BE,VALIDATION,cell.126,35,45,income.middle,household.one-person,NON_GAMER,EVER_PAYER,7,10000
standardized.person.2024.be.validation,BE,VALIDATION,cell.127,35,45,income.middle,household.one-person,NON_GAMER,NEVER_PAYER,51,5000
standardized.person.2024.be.validation,BE,VALIDATION,cell.128,35,45,income.middle,household.multi-no-minor,GAMER,EVER_PAYER,13,2500
standardized.person.2024.be.validation,BE,VALIDATION,cell.129,35,45,income.middle,household.multi-no-minor,GAMER,NEVER_PAYER,27,2000
standardized.person.2024.be.validation,BE,VALIDATION,cell.130,35,45,income.middle,household.multi-no-minor,NON_GAMER,EVER_PAYER,7,5000
standardized.person.2024.be.validation,BE,VALIDATION,cell.131,35,45,income.middle,household.multi-no-minor,NON_GAMER,NEVER_PAYER,14,625
standardized.person.2024.be.validation,BE,VALIDATION,cell.132,35,45,income.high,household.with-minor,GAMER,EVER_PAYER,21,10000
standardized.person.2024.be.validation,BE,VALIDATION,cell.133,35,45,income.high,household.with-minor,GAMER,NEVER_PAYER,19,5000
standardized.person.2024.be.validation,BE,VALIDATION,cell.134,35,45,income.high,household.with-minor,NON_GAMER,EVER_PAYER,3,5000
standardized.person.2024.be.validation,BE,VALIDATION,cell.135,35,45,income.high,household.with-minor,NON_GAMER,NEVER_PAYER,69,10000
standardized.person.2024.be.validation,BE,VALIDATION,cell.136,35,45,income.high,household.one-person,GAMER,EVER_PAYER,19,10000
standardized.person.2024.be.validation,BE,VALIDATION,cell.137,35,45,income.high,household.one-person,GAMER,NEVER_PAYER,7,2000
standardized.person.2024.be.validation,BE,VALIDATION,cell.138,35,45,income.high,household.one-person,NON_GAMER,EVER_PAYER,1,2000
standardized.person.2024.be.validation,BE,VALIDATION,cell.139,35,45,income.high,household.one-person,NON_GAMER,NEVER_PAYER,63,10000
standardized.person.2024.be.validation,BE,VALIDATION,cell.140,35,45,income.high,household.multi-no-minor,GAMER,EVER_PAYER,49,10000
standardized.person.2024.be.validation,BE,VALIDATION,cell.141,35,45,income.high,household.multi-no-minor,GAMER,NEVER_PAYER,91,10000
standardized.person.2024.be.validation,BE,VALIDATION,cell.142,35,45,income.high,household.multi-no-minor,NON_GAMER,EVER_PAYER,7,5000
standardized.person.2024.be.validation,BE,VALIDATION,cell.143,35,45,income.high,household.multi-no-minor,NON_GAMER,NEVER_PAYER,163,10000
standardized.person.2024.be.validation,BE,VALIDATION,cell.144,45,55,income.low,household.with-minor,GAMER,EVER_PAYER,1,5000
standardized.person.2024.be.validation,BE,VALIDATION,cell.145,45,55,income.low,household.with-minor,GAMER,NEVER_PAYER,3,5000
standardized.person.2024.be.validation,BE,VALIDATION,cell.146,45,55,income.low,household.with-minor,NON_GAMER,EVER_PAYER,1,10000
standardized.person.2024.be.validation,BE,VALIDATION,cell.147,45,55,income.low,household.with-minor,NON_GAMER,NEVER_PAYER,3,2000
standardized.person.2024.be.validation,BE,VALIDATION,cell.148,45,55,income.low,household.one-person,GAMER,EVER_PAYER,9,10000
standardized.person.2024.be.validation,BE,VALIDATION,cell.149,45,55,income.low,household.one-person,GAMER,NEVER_PAYER,17,5000
standardized.person.2024.be.validation,BE,VALIDATION,cell.150,45,55,income.low,household.one-person,NON_GAMER,EVER_PAYER,3,10000
standardized.person.2024.be.validation,BE,VALIDATION,cell.151,45,55,income.low,household.one-person,NON_GAMER,NEVER_PAYER,1,125
standardized.person.2024.be.validation,BE,VALIDATION,cell.152,45,55,income.low,household.multi-no-minor,GAMER,EVER_PAYER,9,5000
standardized.person.2024.be.validation,BE,VALIDATION,cell.153,45,55,income.low,household.multi-no-minor,GAMER,NEVER_PAYER,33,5000
standardized.person.2024.be.validation,BE,VALIDATION,cell.154,45,55,income.low,household.multi-no-minor,NON_GAMER,EVER_PAYER,3,5000
standardized.person.2024.be.validation,BE,VALIDATION,cell.155,45,55,income.low,household.multi-no-minor,NON_GAMER,NEVER_PAYER,39,2500
standardized.person.2024.be.validation,BE,VALIDATION,cell.156,45,55,income.middle,household.with-minor,GAMER,EVER_PAYER,3,5000
standardized.person.2024.be.validation,BE,VALIDATION,cell.157,45,55,income.middle,household.with-minor,GAMER,NEVER_PAYER,1,625
standardized.person.2024.be.validation,BE,VALIDATION,cell.158,45,55,income.middle,household.with-minor,NON_GAMER,EVER_PAYER,3,10000
standardized.person.2024.be.validation,BE,VALIDATION,cell.159,45,55,income.middle,household.with-minor,NON_GAMER,NEVER_PAYER,39,10000
standardized.person.2024.be.validation,BE,VALIDATION,cell.160,45,55,income.middle,household.one-person,GAMER,EVER_PAYER,1,500
standardized.person.2024.be.validation,BE,VALIDATION,cell.161,45,55,income.middle,household.one-person,GAMER,NEVER_PAYER,13,2500
standardized.person.2024.be.validation,BE,VALIDATION,cell.162,45,55,income.middle,household.one-person,NON_GAMER,EVER_PAYER,1,1250
standardized.person.2024.be.validation,BE,VALIDATION,cell.163,45,55,income.middle,household.one-person,NON_GAMER,NEVER_PAYER,133,10000
standardized.person.2024.be.validation,BE,VALIDATION,cell.164,45,55,income.middle,household.multi-no-minor,GAMER,EVER_PAYER,49,10000
standardized.person.2024.be.validation,BE,VALIDATION,cell.165,45,55,income.middle,household.multi-no-minor,GAMER,NEVER_PAYER,63,5000
standardized.person.2024.be.validation,BE,VALIDATION,cell.166,45,55,income.middle,household.multi-no-minor,NON_GAMER,EVER_PAYER,1,500
standardized.person.2024.be.validation,BE,VALIDATION,cell.167,45,55,income.middle,household.multi-no-minor,NON_GAMER,NEVER_PAYER,319,10000
standardized.person.2024.be.validation,BE,VALIDATION,cell.168,45,55,income.high,household.with-minor,GAMER,EVER_PAYER,7,10000
standardized.person.2024.be.validation,BE,VALIDATION,cell.169,45,55,income.high,household.with-minor,GAMER,NEVER_PAYER,13,10000
standardized.person.2024.be.validation,BE,VALIDATION,cell.170,45,55,income.high,household.with-minor,NON_GAMER,EVER_PAYER,3,10000
standardized.person.2024.be.validation,BE,VALIDATION,cell.171,45,55,income.high,household.with-minor,NON_GAMER,NEVER_PAYER,7,2000
standardized.person.2024.be.validation,BE,VALIDATION,cell.172,45,55,income.high,household.one-person,GAMER,EVER_PAYER,17,10000
standardized.person.2024.be.validation,BE,VALIDATION,cell.173,45,55,income.high,household.one-person,GAMER,NEVER_PAYER,2,625
standardized.person.2024.be.validation,BE,VALIDATION,cell.174,45,55,income.high,household.one-person,NON_GAMER,EVER_PAYER,1,1250
standardized.person.2024.be.validation,BE,VALIDATION,cell.175,45,55,income.high,household.one-person,NON_GAMER,NEVER_PAYER,89,10000
standardized.person.2024.be.validation,BE,VALIDATION,cell.176,45,55,income.high,household.multi-no-minor,GAMER,EVER_PAYER,49,10000
standardized.person.2024.be.validation,BE,VALIDATION,cell.177,45,55,income.high,household.multi-no-minor,GAMER,NEVER_PAYER,91,10000
standardized.person.2024.be.validation,BE,VALIDATION,cell.178,45,55,income.high,household.multi-no-minor,NON_GAMER,EVER_PAYER,11,5000
standardized.person.2024.be.validation,BE,VALIDATION,cell.179,45,55,income.high,household.multi-no-minor,NON_GAMER,NEVER_PAYER,249,10000
standardized.person.2024.be.validation,BE,VALIDATION,cell.180,55,70,income.low,household.with-minor,GAMER,EVER_PAYER,0,1
standardized.person.2024.be.validation,BE,VALIDATION,cell.181,55,70,income.low,household.with-minor,GAMER,NEVER_PAYER,1,10000
standardized.person.2024.be.validation,BE,VALIDATION,cell.182,55,70,income.low,household.with-minor,NON_GAMER,EVER_PAYER,0,1
standardized.person.2024.be.validation,BE,VALIDATION,cell.183,55,70,income.low,household.with-minor,NON_GAMER,NEVER_PAYER,1,2500
standardized.person.2024.be.validation,BE,VALIDATION,cell.184,55,70,income.low,household.one-person,GAMER,EVER_PAYER,1,1000
standardized.person.2024.be.validation,BE,VALIDATION,cell.185,55,70,income.low,household.one-person,GAMER,NEVER_PAYER,9,2500
standardized.person.2024.be.validation,BE,VALIDATION,cell.186,55,70,income.low,household.one-person,NON_GAMER,EVER_PAYER,3,5000
standardized.person.2024.be.validation,BE,VALIDATION,cell.187,55,70,income.low,household.one-person,NON_GAMER,NEVER_PAYER,37,2500
standardized.person.2024.be.validation,BE,VALIDATION,cell.188,55,70,income.low,household.multi-no-minor,GAMER,EVER_PAYER,3,2500
standardized.person.2024.be.validation,BE,VALIDATION,cell.189,55,70,income.low,household.multi-no-minor,GAMER,NEVER_PAYER,11,2500
standardized.person.2024.be.validation,BE,VALIDATION,cell.190,55,70,income.low,household.multi-no-minor,NON_GAMER,EVER_PAYER,1,1250
standardized.person.2024.be.validation,BE,VALIDATION,cell.191,55,70,income.low,household.multi-no-minor,NON_GAMER,NEVER_PAYER,181,10000
standardized.person.2024.be.validation,BE,VALIDATION,cell.192,55,70,income.middle,household.with-minor,GAMER,EVER_PAYER,1,10000
standardized.person.2024.be.validation,BE,VALIDATION,cell.193,55,70,income.middle,household.with-minor,GAMER,NEVER_PAYER,1,2500
standardized.person.2024.be.validation,BE,VALIDATION,cell.194,55,70,income.middle,household.with-minor,NON_GAMER,EVER_PAYER,1,10000
standardized.person.2024.be.validation,BE,VALIDATION,cell.195,55,70,income.middle,household.with-minor,NON_GAMER,NEVER_PAYER,1,625
standardized.person.2024.be.validation,BE,VALIDATION,cell.196,55,70,income.middle,household.one-person,GAMER,EVER_PAYER,13,5000
standardized.person.2024.be.validation,BE,VALIDATION,cell.197,55,70,income.middle,household.one-person,GAMER,NEVER_PAYER,17,2500
standardized.person.2024.be.validation,BE,VALIDATION,cell.198,55,70,income.middle,household.one-person,NON_GAMER,EVER_PAYER,19,10000
standardized.person.2024.be.validation,BE,VALIDATION,cell.199,55,70,income.middle,household.one-person,NON_GAMER,NEVER_PAYER,297,10000
standardized.person.2024.be.validation,BE,VALIDATION,cell.200,55,70,income.middle,household.multi-no-minor,GAMER,EVER_PAYER,21,5000
standardized.person.2024.be.validation,BE,VALIDATION,cell.201,55,70,income.middle,household.multi-no-minor,GAMER,NEVER_PAYER,107,10000
standardized.person.2024.be.validation,BE,VALIDATION,cell.202,55,70,income.middle,household.multi-no-minor,NON_GAMER,EVER_PAYER,3,1000
standardized.person.2024.be.validation,BE,VALIDATION,cell.203,55,70,income.middle,household.multi-no-minor,NON_GAMER,NEVER_PAYER,469,10000
standardized.person.2024.be.validation,BE,VALIDATION,cell.204,55,70,income.high,household.with-minor,GAMER,EVER_PAYER,1,5000
standardized.person.2024.be.validation,BE,VALIDATION,cell.205,55,70,income.high,household.with-minor,GAMER,NEVER_PAYER,3,10000
standardized.person.2024.be.validation,BE,VALIDATION,cell.206,55,70,income.high,household.with-minor,NON_GAMER,EVER_PAYER,1,10000
standardized.person.2024.be.validation,BE,VALIDATION,cell.207,55,70,income.high,household.with-minor,NON_GAMER,NEVER_PAYER,3,2000
standardized.person.2024.be.validation,BE,VALIDATION,cell.208,55,70,income.high,household.one-person,GAMER,EVER_PAYER,3,1250
standardized.person.2024.be.validation,BE,VALIDATION,cell.209,55,70,income.high,household.one-person,GAMER,NEVER_PAYER,9,2000
standardized.person.2024.be.validation,BE,VALIDATION,cell.210,55,70,income.high,household.one-person,NON_GAMER,EVER_PAYER,19,10000
standardized.person.2024.be.validation,BE,VALIDATION,cell.211,55,70,income.high,household.one-person,NON_GAMER,NEVER_PAYER,213,10000
standardized.person.2024.be.validation,BE,VALIDATION,cell.212,55,70,income.high,household.multi-no-minor,GAMER,EVER_PAYER,11,2500
standardized.person.2024.be.validation,BE,VALIDATION,cell.213,55,70,income.high,household.multi-no-minor,GAMER,NEVER_PAYER,41,5000
standardized.person.2024.be.validation,BE,VALIDATION,cell.214,55,70,income.high,household.multi-no-minor,NON_GAMER,EVER_PAYER,17,5000
standardized.person.2024.be.validation,BE,VALIDATION,cell.215,55,70,income.high,household.multi-no-minor,NON_GAMER,NEVER_PAYER,97,2500
standardized.person.2024.jp.calibration,JP,CALIBRATION,cell.000,10,18,income.low,household.with-minor,GAMER,EVER_PAYER,61,10000
standardized.person.2024.jp.calibration,JP,CALIBRATION,cell.001,10,18,income.low,household.with-minor,GAMER,NEVER_PAYER,143,10000
standardized.person.2024.jp.calibration,JP,CALIBRATION,cell.002,10,18,income.low,household.with-minor,NON_GAMER,EVER_PAYER,1,5000
standardized.person.2024.jp.calibration,JP,CALIBRATION,cell.003,10,18,income.low,household.with-minor,NON_GAMER,NEVER_PAYER,17,5000
standardized.person.2024.jp.calibration,JP,CALIBRATION,cell.004,10,18,income.low,household.one-person,GAMER,EVER_PAYER,0,1
standardized.person.2024.jp.calibration,JP,CALIBRATION,cell.005,10,18,income.low,household.one-person,GAMER,NEVER_PAYER,0,1
standardized.person.2024.jp.calibration,JP,CALIBRATION,cell.006,10,18,income.low,household.one-person,NON_GAMER,EVER_PAYER,0,1
standardized.person.2024.jp.calibration,JP,CALIBRATION,cell.007,10,18,income.low,household.one-person,NON_GAMER,NEVER_PAYER,0,1
standardized.person.2024.jp.calibration,JP,CALIBRATION,cell.008,10,18,income.low,household.multi-no-minor,GAMER,EVER_PAYER,0,1
standardized.person.2024.jp.calibration,JP,CALIBRATION,cell.009,10,18,income.low,household.multi-no-minor,GAMER,NEVER_PAYER,0,1
standardized.person.2024.jp.calibration,JP,CALIBRATION,cell.010,10,18,income.low,household.multi-no-minor,NON_GAMER,EVER_PAYER,0,1
standardized.person.2024.jp.calibration,JP,CALIBRATION,cell.011,10,18,income.low,household.multi-no-minor,NON_GAMER,NEVER_PAYER,0,1
standardized.person.2024.jp.calibration,JP,CALIBRATION,cell.012,10,18,income.middle,household.with-minor,GAMER,EVER_PAYER,101,10000
standardized.person.2024.jp.calibration,JP,CALIBRATION,cell.013,10,18,income.middle,household.with-minor,GAMER,NEVER_PAYER,171,10000
standardized.person.2024.jp.calibration,JP,CALIBRATION,cell.014,10,18,income.middle,household.with-minor,NON_GAMER,EVER_PAYER,3,10000
standardized.person.2024.jp.calibration,JP,CALIBRATION,cell.015,10,18,income.middle,household.with-minor,NON_GAMER,NEVER_PAYER,9,2000
standardized.person.2024.jp.calibration,JP,CALIBRATION,cell.016,10,18,income.middle,household.one-person,GAMER,EVER_PAYER,0,1
standardized.person.2024.jp.calibration,JP,CALIBRATION,cell.017,10,18,income.middle,household.one-person,GAMER,NEVER_PAYER,0,1
standardized.person.2024.jp.calibration,JP,CALIBRATION,cell.018,10,18,income.middle,household.one-person,NON_GAMER,EVER_PAYER,0,1
standardized.person.2024.jp.calibration,JP,CALIBRATION,cell.019,10,18,income.middle,household.one-person,NON_GAMER,NEVER_PAYER,0,1
standardized.person.2024.jp.calibration,JP,CALIBRATION,cell.020,10,18,income.middle,household.multi-no-minor,GAMER,EVER_PAYER,0,1
standardized.person.2024.jp.calibration,JP,CALIBRATION,cell.021,10,18,income.middle,household.multi-no-minor,GAMER,NEVER_PAYER,0,1
standardized.person.2024.jp.calibration,JP,CALIBRATION,cell.022,10,18,income.middle,household.multi-no-minor,NON_GAMER,EVER_PAYER,0,1
standardized.person.2024.jp.calibration,JP,CALIBRATION,cell.023,10,18,income.middle,household.multi-no-minor,NON_GAMER,NEVER_PAYER,0,1
standardized.person.2024.jp.calibration,JP,CALIBRATION,cell.024,10,18,income.high,household.with-minor,GAMER,EVER_PAYER,9,1000
standardized.person.2024.jp.calibration,JP,CALIBRATION,cell.025,10,18,income.high,household.with-minor,GAMER,NEVER_PAYER,57,5000
standardized.person.2024.jp.calibration,JP,CALIBRATION,cell.026,10,18,income.high,household.with-minor,NON_GAMER,EVER_PAYER,3,10000
standardized.person.2024.jp.calibration,JP,CALIBRATION,cell.027,10,18,income.high,household.with-minor,NON_GAMER,NEVER_PAYER,33,10000
standardized.person.2024.jp.calibration,JP,CALIBRATION,cell.028,10,18,income.high,household.one-person,GAMER,EVER_PAYER,0,1
standardized.person.2024.jp.calibration,JP,CALIBRATION,cell.029,10,18,income.high,household.one-person,GAMER,NEVER_PAYER,0,1
standardized.person.2024.jp.calibration,JP,CALIBRATION,cell.030,10,18,income.high,household.one-person,NON_GAMER,EVER_PAYER,0,1
standardized.person.2024.jp.calibration,JP,CALIBRATION,cell.031,10,18,income.high,household.one-person,NON_GAMER,NEVER_PAYER,0,1
standardized.person.2024.jp.calibration,JP,CALIBRATION,cell.032,10,18,income.high,household.multi-no-minor,GAMER,EVER_PAYER,0,1
standardized.person.2024.jp.calibration,JP,CALIBRATION,cell.033,10,18,income.high,household.multi-no-minor,GAMER,NEVER_PAYER,0,1
standardized.person.2024.jp.calibration,JP,CALIBRATION,cell.034,10,18,income.high,household.multi-no-minor,NON_GAMER,EVER_PAYER,0,1
standardized.person.2024.jp.calibration,JP,CALIBRATION,cell.035,10,18,income.high,household.multi-no-minor,NON_GAMER,NEVER_PAYER,0,1
standardized.person.2024.jp.calibration,JP,CALIBRATION,cell.036,18,25,income.low,household.with-minor,GAMER,EVER_PAYER,1,2000
standardized.person.2024.jp.calibration,JP,CALIBRATION,cell.037,18,25,income.low,household.with-minor,GAMER,NEVER_PAYER,7,5000
standardized.person.2024.jp.calibration,JP,CALIBRATION,cell.038,18,25,income.low,household.with-minor,NON_GAMER,EVER_PAYER,0,1
standardized.person.2024.jp.calibration,JP,CALIBRATION,cell.039,18,25,income.low,household.with-minor,NON_GAMER,NEVER_PAYER,7,10000
standardized.person.2024.jp.calibration,JP,CALIBRATION,cell.040,18,25,income.low,household.one-person,GAMER,EVER_PAYER,33,10000
standardized.person.2024.jp.calibration,JP,CALIBRATION,cell.041,18,25,income.low,household.one-person,GAMER,NEVER_PAYER,17,2000
standardized.person.2024.jp.calibration,JP,CALIBRATION,cell.042,18,25,income.low,household.one-person,NON_GAMER,EVER_PAYER,1,5000
standardized.person.2024.jp.calibration,JP,CALIBRATION,cell.043,18,25,income.low,household.one-person,NON_GAMER,NEVER_PAYER,21,5000
standardized.person.2024.jp.calibration,JP,CALIBRATION,cell.044,18,25,income.low,household.multi-no-minor,GAMER,EVER_PAYER,7,2500
standardized.person.2024.jp.calibration,JP,CALIBRATION,cell.045,18,25,income.low,household.multi-no-minor,GAMER,NEVER_PAYER,73,10000
standardized.person.2024.jp.calibration,JP,CALIBRATION,cell.046,18,25,income.low,household.multi-no-minor,NON_GAMER,EVER_PAYER,1,10000
standardized.person.2024.jp.calibration,JP,CALIBRATION,cell.047,18,25,income.low,household.multi-no-minor,NON_GAMER,NEVER_PAYER,9,2500
standardized.person.2024.jp.calibration,JP,CALIBRATION,cell.048,18,25,income.middle,household.with-minor,GAMER,EVER_PAYER,1,1000
standardized.person.2024.jp.calibration,JP,CALIBRATION,cell.049,18,25,income.middle,household.with-minor,GAMER,NEVER_PAYER,19,10000
standardized.person.2024.jp.calibration,JP,CALIBRATION,cell.050,18,25,income.middle,household.with-minor,NON_GAMER,EVER_PAYER,1,10000
standardized.person.2024.jp.calibration,JP,CALIBRATION,cell.051,18,25,income.middle,household.with-minor,NON_GAMER,NEVER_PAYER,1,1000
standardized.person.2024.jp.calibration,JP,CALIBRATION,cell.052,18,25,income.middle,household.one-person,GAMER,EVER_PAYER,47,10000
standardized.person.2024.jp.calibration,JP,CALIBRATION,cell.053,18,25,income.middle,household.one-person,GAMER,NEVER_PAYER,11,1250
standardized.person.2024.jp.calibration,JP,CALIBRATION,cell.054,18,25,income.middle,household.one-person,NON_GAMER,EVER_PAYER,3,10000
standardized.person.2024.jp.calibration,JP,CALIBRATION,cell.055,18,25,income.middle,household.one-person,NON_GAMER,NEVER_PAYER,47,10000
standardized.person.2024.jp.calibration,JP,CALIBRATION,cell.056,18,25,income.middle,household.multi-no-minor,GAMER,EVER_PAYER,47,10000
standardized.person.2024.jp.calibration,JP,CALIBRATION,cell.057,18,25,income.middle,household.multi-no-minor,GAMER,NEVER_PAYER,11,1250
standardized.person.2024.jp.calibration,JP,CALIBRATION,cell.058,18,25,income.middle,household.multi-no-minor,NON_GAMER,EVER_PAYER,3,10000
standardized.person.2024.jp.calibration,JP,CALIBRATION,cell.059,18,25,income.middle,household.multi-no-minor,NON_GAMER,NEVER_PAYER,47,10000
standardized.person.2024.jp.calibration,JP,CALIBRATION,cell.060,18,25,income.high,household.with-minor,GAMER,EVER_PAYER,1,1000
standardized.person.2024.jp.calibration,JP,CALIBRATION,cell.061,18,25,income.high,household.with-minor,GAMER,NEVER_PAYER,7,5000
standardized.person.2024.jp.calibration,JP,CALIBRATION,cell.062,18,25,income.high,household.with-minor,NON_GAMER,EVER_PAYER,1,10000
standardized.person.2024.jp.calibration,JP,CALIBRATION,cell.063,18,25,income.high,household.with-minor,NON_GAMER,NEVER_PAYER,1,1250
standardized.person.2024.jp.calibration,JP,CALIBRATION,cell.064,18,25,income.high,household.one-person,GAMER,EVER_PAYER,2,625
standardized.person.2024.jp.calibration,JP,CALIBRATION,cell.065,18,25,income.high,household.one-person,GAMER,NEVER_PAYER,11,2500
standardized.person.2024.jp.calibration,JP,CALIBRATION,cell.066,18,25,income.high,household.one-person,NON_GAMER,EVER_PAYER,1,5000
standardized.person.2024.jp.calibration,JP,CALIBRATION,cell.067,18,25,income.high,household.one-person,NON_GAMER,NEVER_PAYER,13,5000
standardized.person.2024.jp.calibration,JP,CALIBRATION,cell.068,18,25,income.high,household.multi-no-minor,GAMER,EVER_PAYER,39,10000
standardized.person.2024.jp.calibration,JP,CALIBRATION,cell.069,18,25,income.high,household.multi-no-minor,GAMER,NEVER_PAYER,53,10000
standardized.person.2024.jp.calibration,JP,CALIBRATION,cell.070,18,25,income.high,household.multi-no-minor,NON_GAMER,EVER_PAYER,3,10000
standardized.person.2024.jp.calibration,JP,CALIBRATION,cell.071,18,25,income.high,household.multi-no-minor,NON_GAMER,NEVER_PAYER,31,10000
standardized.person.2024.jp.calibration,JP,CALIBRATION,cell.072,25,35,income.low,household.with-minor,GAMER,EVER_PAYER,9,10000
standardized.person.2024.jp.calibration,JP,CALIBRATION,cell.073,25,35,income.low,household.with-minor,GAMER,NEVER_PAYER,1,400
standardized.person.2024.jp.calibration,JP,CALIBRATION,cell.074,25,35,income.low,household.with-minor,NON_GAMER,EVER_PAYER,1,10000
standardized.person.2024.jp.calibration,JP,CALIBRATION,cell.075,25,35,income.low,household.with-minor,NON_GAMER,NEVER_PAYER,19,10000
standardized.person.2024.jp.calibration,JP,CALIBRATION,cell.076,25,35,income.low,household.one-person,GAMER,EVER_PAYER,29,10000
standardized.person.2024.jp.calibration,JP,CALIBRATION,cell.077,25,35,income.low,household.one-person,GAMER,NEVER_PAYER,21,2500
standardized.person.2024.jp.calibration,JP,CALIBRATION,cell.078,25,35,income.low,household.one-person,NON_GAMER,EVER_PAYER,1,5000
standardized.person.2024.jp.calibration,JP,CALIBRATION,cell.079,25,35,income.low,household.one-person,NON_GAMER,NEVER_PAYER,4,625
standardized.person.2024.jp.calibration,JP,CALIBRATION,cell.080,25,35,income.low,household.multi-no-minor,GAMER,EVER_PAYER,7,2000
standardized.person.2024.jp.calibration,JP,CALIBRATION,cell.081,25,35,income.low,household.multi-no-minor,GAMER,NEVER_PAYER,101,10000
standardized.person.2024.jp.calibration,JP,CALIBRATION,cell.082,25,35,income.low,household.multi-no-minor,NON_GAMER,EVER_PAYER,1,5000
standardized.person.2024.jp.calibration,JP,CALIBRATION,cell.083,25,35,income.low,household.multi-no-minor,NON_GAMER,NEVER_PAYER,39,5000
standardized.person.2024.jp.calibration,JP,CALIBRATION,cell.084,25,35,income.middle,household.with-minor,GAMER,EVER_PAYER,21,10000
standardized.person.2024.jp.calibration,JP,CALIBRATION,cell.085,25,35,income.middle,household.with-minor,GAMER,NEVER_PAYER,43,10000
standardized.person.2024.jp.calibration,JP,CALIBRATION,cell.086,25,35,income.middle,household.with-minor,NON_GAMER,EVER_PAYER,1,5000
standardized.person.2024.jp.calibration,JP,CALIBRATION,cell.087,25,35,income.middle,household.with-minor,NON_GAMER,NEVER_PAYER,7,2000
standardized.person.2024.jp.calibration,JP,CALIBRATION,cell.088,25,35,income.middle,household.one-person,GAMER,EVER_PAYER,49,10000
standardized.person.2024.jp.calibration,JP,CALIBRATION,cell.089,25,35,income.middle,household.one-person,GAMER,NEVER_PAYER,99,10000
standardized.person.2024.jp.calibration,JP,CALIBRATION,cell.090,25,35,income.middle,household.one-person,NON_GAMER,EVER_PAYER,1,2500
standardized.person.2024.jp.calibration,JP,CALIBRATION,cell.091,25,35,income.middle,household.one-person,NON_GAMER,NEVER_PAYER,83,10000
standardized.person.2024.jp.calibration,JP,CALIBRATION,cell.092,25,35,income.middle,household.multi-no-minor,GAMER,EVER_PAYER,7,1000
standardized.person.2024.jp.calibration,JP,CALIBRATION,cell.093,25,35,income.middle,household.multi-no-minor,GAMER,NEVER_PAYER,71,5000
standardized.person.2024.jp.calibration,JP,CALIBRATION,cell.094,25,35,income.middle,household.multi-no-minor,NON_GAMER,EVER_PAYER,3,5000
standardized.person.2024.jp.calibration,JP,CALIBRATION,cell.095,25,35,income.middle,household.multi-no-minor,NON_GAMER,NEVER_PAYER,59,5000
standardized.person.2024.jp.calibration,JP,CALIBRATION,cell.096,25,35,income.high,household.with-minor,GAMER,EVER_PAYER,11,5000
standardized.person.2024.jp.calibration,JP,CALIBRATION,cell.097,25,35,income.high,household.with-minor,GAMER,NEVER_PAYER,33,10000
standardized.person.2024.jp.calibration,JP,CALIBRATION,cell.098,25,35,income.high,household.with-minor,NON_GAMER,EVER_PAYER,1,5000
standardized.person.2024.jp.calibration,JP,CALIBRATION,cell.099,25,35,income.high,household.with-minor,NON_GAMER,NEVER_PAYER,3,1000
standardized.person.2024.jp.calibration,JP,CALIBRATION,cell.100,25,35,income.high,household.one-person,GAMER,EVER_PAYER,37,10000
standardized.person.2024.jp.calibration,JP,CALIBRATION,cell.101,25,35,income.high,household.one-person,GAMER,NEVER_PAYER,11,2000
standardized.person.2024.jp.calibration,JP,CALIBRATION,cell.102,25,35,income.high,household.one-person,NON_GAMER,EVER_PAYER,1,2500
standardized.person.2024.jp.calibration,JP,CALIBRATION,cell.103,25,35,income.high,household.one-person,NON_GAMER,NEVER_PAYER,1,200
standardized.person.2024.jp.calibration,JP,CALIBRATION,cell.104,25,35,income.high,household.multi-no-minor,GAMER,EVER_PAYER,31,5000
standardized.person.2024.jp.calibration,JP,CALIBRATION,cell.105,25,35,income.high,household.multi-no-minor,GAMER,NEVER_PAYER,47,5000
standardized.person.2024.jp.calibration,JP,CALIBRATION,cell.106,25,35,income.high,household.multi-no-minor,NON_GAMER,EVER_PAYER,3,5000
standardized.person.2024.jp.calibration,JP,CALIBRATION,cell.107,25,35,income.high,household.multi-no-minor,NON_GAMER,NEVER_PAYER,17,2000
standardized.person.2024.jp.calibration,JP,CALIBRATION,cell.108,35,45,income.low,household.with-minor,GAMER,EVER_PAYER,9,10000
standardized.person.2024.jp.calibration,JP,CALIBRATION,cell.109,35,45,income.low,household.with-minor,GAMER,NEVER_PAYER,27,10000
standardized.person.2024.jp.calibration,JP,CALIBRATION,cell.110,35,45,income.low,household.with-minor,NON_GAMER,EVER_PAYER,1,10000
standardized.person.2024.jp.calibration,JP,CALIBRATION,cell.111,35,45,income.low,household.with-minor,NON_GAMER,NEVER_PAYER,2,625
standardized.person.2024.jp.calibration,JP,CALIBRATION,cell.112,35,45,income.low,household.one-person,GAMER,EVER_PAYER,17,10000
standardized.person.2024.jp.calibration,JP,CALIBRATION,cell.113,35,45,income.low,household.one-person,GAMER,NEVER_PAYER,53,10000
standardized.person.2024.jp.calibration,JP,CALIBRATION,cell.114,35,45,income.low,household.one-person,NON_GAMER,EVER_PAYER,1,5000
standardized.person.2024.jp.calibration,JP,CALIBRATION,cell.115,35,45,income.low,household.one-person,NON_GAMER,NEVER_PAYER,31,5000
standardized.person.2024.jp.calibration,JP,CALIBRATION,cell.116,35,45,income.low,household.multi-no-minor,GAMER,EVER_PAYER,3,1000
standardized.person.2024.jp.calibration,JP,CALIBRATION,cell.117,35,45,income.low,household.multi-no-minor,GAMER,NEVER_PAYER,19,2000
standardized.person.2024.jp.calibration,JP,CALIBRATION,cell.118,35,45,income.low,household.multi-no-minor,NON_GAMER,EVER_PAYER,3,10000
standardized.person.2024.jp.calibration,JP,CALIBRATION,cell.119,35,45,income.low,household.multi-no-minor,NON_GAMER,NEVER_PAYER,7,625
standardized.person.2024.jp.calibration,JP,CALIBRATION,cell.120,35,45,income.middle,household.with-minor,GAMER,EVER_PAYER,13,5000
standardized.person.2024.jp.calibration,JP,CALIBRATION,cell.121,35,45,income.middle,household.with-minor,GAMER,NEVER_PAYER,59,10000
standardized.person.2024.jp.calibration,JP,CALIBRATION,cell.122,35,45,income.middle,household.with-minor,NON_GAMER,EVER_PAYER,1,2500
standardized.person.2024.jp.calibration,JP,CALIBRATION,cell.123,35,45,income.middle,household.with-minor,NON_GAMER,NEVER_PAYER,37,5000
standardized.person.2024.jp.calibration,JP,CALIBRATION,cell.124,35,45,income.middle,household.one-person,GAMER,EVER_PAYER,33,10000
standardized.person.2024.jp.calibration,JP,CALIBRATION,cell.125,35,45,income.middle,household.one-person,GAMER,NEVER_PAYER,73,10000
standardized.person.2024.jp.calibration,JP,CALIBRATION,cell.126,35,45,income.middle,household.one-person,NON_GAMER,EVER_PAYER,1,2000
standardized.person.2024.jp.calibration,JP,CALIBRATION,cell.127,35,45,income.middle,household.one-person,NON_GAMER,NEVER_PAYER,93,10000
standardized.person.2024.jp.calibration,JP,CALIBRATION,cell.128,35,45,income.middle,household.multi-no-minor,GAMER,EVER_PAYER,9,1250
standardized.person.2024.jp.calibration,JP,CALIBRATION,cell.129,35,45,income.middle,household.multi-no-minor,GAMER,NEVER_PAYER,161,10000
standardized.person.2024.jp.calibration,JP,CALIBRATION,cell.130,35,45,income.middle,household.multi-no-minor,NON_GAMER,EVER_PAYER,11,10000
standardized.person.2024.jp.calibration,JP,CALIBRATION,cell.131,35,45,income.middle,household.multi-no-minor,NON_GAMER,NEVER_PAYER,41,2000
standardized.person.2024.jp.calibration,JP,CALIBRATION,cell.132,35,45,income.high,household.with-minor,GAMER,EVER_PAYER,29,10000
standardized.person.2024.jp.calibration,JP,CALIBRATION,cell.133,35,45,income.high,household.with-minor,GAMER,NEVER_PAYER,3,625
standardized.person.2024.jp.calibration,JP,CALIBRATION,cell.134,35,45,income.high,household.with-minor,NON_GAMER,EVER_PAYER,1,2000
standardized.person.2024.jp.calibration,JP,CALIBRATION,cell.135,35,45,income.high,household.with-minor,NON_GAMER,NEVER_PAYER,33,5000
standardized.person.2024.jp.calibration,JP,CALIBRATION,cell.136,35,45,income.high,household.one-person,GAMER,EVER_PAYER,27,10000
standardized.person.2024.jp.calibration,JP,CALIBRATION,cell.137,35,45,income.high,household.one-person,GAMER,NEVER_PAYER,11,2500
standardized.person.2024.jp.calibration,JP,CALIBRATION,cell.138,35,45,income.high,household.one-person,NON_GAMER,EVER_PAYER,1,2000
standardized.person.2024.jp.calibration,JP,CALIBRATION,cell.139,35,45,income.high,household.one-person,NON_GAMER,NEVER_PAYER,61,10000
standardized.person.2024.jp.calibration,JP,CALIBRATION,cell.140,35,45,income.high,household.multi-no-minor,GAMER,EVER_PAYER,7,1000
standardized.person.2024.jp.calibration,JP,CALIBRATION,cell.141,35,45,income.high,household.multi-no-minor,GAMER,NEVER_PAYER,23,2000
standardized.person.2024.jp.calibration,JP,CALIBRATION,cell.142,35,45,income.high,household.multi-no-minor,NON_GAMER,EVER_PAYER,3,2500
standardized.person.2024.jp.calibration,JP,CALIBRATION,cell.143,35,45,income.high,household.multi-no-minor,NON_GAMER,NEVER_PAYER,159,10000
standardized.person.2024.jp.calibration,JP,CALIBRATION,cell.144,45,55,income.low,household.with-minor,GAMER,EVER_PAYER,1,5000
standardized.person.2024.jp.calibration,JP,CALIBRATION,cell.145,45,55,income.low,household.with-minor,GAMER,NEVER_PAYER,1,1250
standardized.person.2024.jp.calibration,JP,CALIBRATION,cell.146,45,55,income.low,household.with-minor,NON_GAMER,EVER_PAYER,0,1
standardized.person.2024.jp.calibration,JP,CALIBRATION,cell.147,45,55,income.low,household.with-minor,NON_GAMER,NEVER_PAYER,7,5000
standardized.person.2024.jp.calibration,JP,CALIBRATION,cell.148,45,55,income.low,household.one-person,GAMER,EVER_PAYER,7,5000
standardized.person.2024.jp.calibration,JP,CALIBRATION,cell.149,45,55,income.low,household.one-person,GAMER,NEVER_PAYER,11,2500
standardized.person.2024.jp.calibration,JP,CALIBRATION,cell.150,45,55,income.low,household.one-person,NON_GAMER,EVER_PAYER,3,10000
standardized.person.2024.jp.calibration,JP,CALIBRATION,cell.151,45,55,income.low,household.one-person,NON_GAMER,NEVER_PAYER,41,5000
standardized.person.2024.jp.calibration,JP,CALIBRATION,cell.152,45,55,income.low,household.multi-no-minor,GAMER,EVER_PAYER,27,10000
standardized.person.2024.jp.calibration,JP,CALIBRATION,cell.153,45,55,income.low,household.multi-no-minor,GAMER,NEVER_PAYER,17,2000
standardized.person.2024.jp.calibration,JP,CALIBRATION,cell.154,45,55,income.low,household.multi-no-minor,NON_GAMER,EVER_PAYER,1,2000
standardized.person.2024.jp.calibration,JP,CALIBRATION,cell.155,45,55,income.low,household.multi-no-minor,NON_GAMER,NEVER_PAYER,31,2000
standardized.person.2024.jp.calibration,JP,CALIBRATION,cell.156,45,55,income.middle,household.with-minor,GAMER,EVER_PAYER,1,1000
standardized.person.2024.jp.calibration,JP,CALIBRATION,cell.157,45,55,income.middle,household.with-minor,GAMER,NEVER_PAYER,11,5000
standardized.person.2024.jp.calibration,JP,CALIBRATION,cell.158,45,55,income.middle,household.with-minor,NON_GAMER,EVER_PAYER,1,5000
standardized.person.2024.jp.calibration,JP,CALIBRATION,cell.159,45,55,income.middle,household.with-minor,NON_GAMER,NEVER_PAYER,43,10000
standardized.person.2024.jp.calibration,JP,CALIBRATION,cell.160,45,55,income.middle,household.one-person,GAMER,EVER_PAYER,33,10000
standardized.person.2024.jp.calibration,JP,CALIBRATION,cell.161,45,55,income.middle,household.one-person,GAMER,NEVER_PAYER,37,5000
standardized.person.2024.jp.calibration,JP,CALIBRATION,cell.162,45,55,income.middle,household.one-person,NON_GAMER,EVER_PAYER,1,1250
standardized.person.2024.jp.calibration,JP,CALIBRATION,cell.163,45,55,income.middle,household.one-person,NON_GAMER,NEVER_PAYER,73,5000
standardized.person.2024.jp.calibration,JP,CALIBRATION,cell.164,45,55,income.middle,household.multi-no-minor,GAMER,EVER_PAYER,1,125
standardized.person.2024.jp.calibration,JP,CALIBRATION,cell.165,45,55,income.middle,household.multi-no-minor,GAMER,NEVER_PAYER,89,5000
standardized.person.2024.jp.calibration,JP,CALIBRATION,cell.166,45,55,income.middle,household.multi-no-minor,NON_GAMER,EVER_PAYER,19,10000
standardized.person.2024.jp.calibration,JP,CALIBRATION,cell.167,45,55,income.middle,household.multi-no-minor,NON_GAMER,NEVER_PAYER,353,10000
standardized.person.2024.jp.calibration,JP,CALIBRATION,cell.168,45,55,income.high,household.with-minor,GAMER,EVER_PAYER,3,2500
standardized.person.2024.jp.calibration,JP,CALIBRATION,cell.169,45,55,income.high,household.with-minor,GAMER,NEVER_PAYER,19,10000
standardized.person.2024.jp.calibration,JP,CALIBRATION,cell.170,45,55,income.high,household.with-minor,NON_GAMER,EVER_PAYER,3,10000
standardized.person.2024.jp.calibration,JP,CALIBRATION,cell.171,45,55,income.high,household.with-minor,NON_GAMER,NEVER_PAYER,41,10000
standardized.person.2024.jp.calibration,JP,CALIBRATION,cell.172,45,55,income.high,household.one-person,GAMER,EVER_PAYER,3,1000
standardized.person.2024.jp.calibration,JP,CALIBRATION,cell.173,45,55,income.high,household.one-person,GAMER,NEVER_PAYER,3,625
standardized.person.2024.jp.calibration,JP,CALIBRATION,cell.174,45,55,income.high,household.one-person,NON_GAMER,EVER_PAYER,1,1250
standardized.person.2024.jp.calibration,JP,CALIBRATION,cell.175,45,55,income.high,household.one-person,NON_GAMER,NEVER_PAYER,13,1250
standardized.person.2024.jp.calibration,JP,CALIBRATION,cell.176,45,55,income.high,household.multi-no-minor,GAMER,EVER_PAYER,41,5000
standardized.person.2024.jp.calibration,JP,CALIBRATION,cell.177,45,55,income.high,household.multi-no-minor,GAMER,NEVER_PAYER,67,5000
standardized.person.2024.jp.calibration,JP,CALIBRATION,cell.178,45,55,income.high,household.multi-no-minor,NON_GAMER,EVER_PAYER,11,5000
standardized.person.2024.jp.calibration,JP,CALIBRATION,cell.179,45,55,income.high,household.multi-no-minor,NON_GAMER,NEVER_PAYER,29,1000
standardized.person.2024.jp.calibration,JP,CALIBRATION,cell.180,55,70,income.low,household.with-minor,GAMER,EVER_PAYER,0,1
standardized.person.2024.jp.calibration,JP,CALIBRATION,cell.181,55,70,income.low,household.with-minor,GAMER,NEVER_PAYER,1,10000
standardized.person.2024.jp.calibration,JP,CALIBRATION,cell.182,55,70,income.low,household.with-minor,NON_GAMER,EVER_PAYER,0,1
standardized.person.2024.jp.calibration,JP,CALIBRATION,cell.183,55,70,income.low,household.with-minor,NON_GAMER,NEVER_PAYER,3,10000
standardized.person.2024.jp.calibration,JP,CALIBRATION,cell.184,55,70,income.low,household.one-person,GAMER,EVER_PAYER,13,10000
standardized.person.2024.jp.calibration,JP,CALIBRATION,cell.185,55,70,income.low,household.one-person,GAMER,NEVER_PAYER,21,5000
standardized.person.2024.jp.calibration,JP,CALIBRATION,cell.186,55,70,income.low,household.one-person,NON_GAMER,EVER_PAYER,1,2500
standardized.person.2024.jp.calibration,JP,CALIBRATION,cell.187,55,70,income.low,household.one-person,NON_GAMER,NEVER_PAYER,131,10000
standardized.person.2024.jp.calibration,JP,CALIBRATION,cell.188,55,70,income.low,household.multi-no-minor,GAMER,EVER_PAYER,1,625
standardized.person.2024.jp.calibration,JP,CALIBRATION,cell.189,55,70,income.low,household.multi-no-minor,GAMER,NEVER_PAYER,1,200
standardized.person.2024.jp.calibration,JP,CALIBRATION,cell.190,55,70,income.low,household.multi-no-minor,NON_GAMER,EVER_PAYER,1,2000
standardized.person.2024.jp.calibration,JP,CALIBRATION,cell.191,55,70,income.low,household.multi-no-minor,NON_GAMER,NEVER_PAYER,31,2000
standardized.person.2024.jp.calibration,JP,CALIBRATION,cell.192,55,70,income.middle,household.with-minor,GAMER,EVER_PAYER,1,5000
standardized.person.2024.jp.calibration,JP,CALIBRATION,cell.193,55,70,income.middle,household.with-minor,GAMER,NEVER_PAYER,1,2500
standardized.person.2024.jp.calibration,JP,CALIBRATION,cell.194,55,70,income.middle,household.with-minor,NON_GAMER,EVER_PAYER,1,10000
standardized.person.2024.jp.calibration,JP,CALIBRATION,cell.195,55,70,income.middle,household.with-minor,NON_GAMER,NEVER_PAYER,3,2000
standardized.person.2024.jp.calibration,JP,CALIBRATION,cell.196,55,70,income.middle,household.one-person,GAMER,EVER_PAYER,19,5000
standardized.person.2024.jp.calibration,JP,CALIBRATION,cell.197,55,70,income.middle,household.one-person,GAMER,NEVER_PAYER,43,5000
standardized.person.2024.jp.calibration,JP,CALIBRATION,cell.198,55,70,income.middle,household.one-person,NON_GAMER,EVER_PAYER,3,2000
standardized.person.2024.jp.calibration,JP,CALIBRATION,cell.199,55,70,income.middle,household.one-person,NON_GAMER,NEVER_PAYER,18,625
standardized.person.2024.jp.calibration,JP,CALIBRATION,cell.200,55,70,income.middle,household.multi-no-minor,GAMER,EVER_PAYER,61,10000
standardized.person.2024.jp.calibration,JP,CALIBRATION,cell.201,55,70,income.middle,household.multi-no-minor,GAMER,NEVER_PAYER,27,2000
standardized.person.2024.jp.calibration,JP,CALIBRATION,cell.202,55,70,income.middle,household.multi-no-minor,NON_GAMER,EVER_PAYER,3,1250
standardized.person.2024.jp.calibration,JP,CALIBRATION,cell.203,55,70,income.middle,household.multi-no-minor,NON_GAMER,NEVER_PAYER,91,2000
standardized.person.2024.jp.calibration,JP,CALIBRATION,cell.204,55,70,income.high,household.with-minor,GAMER,EVER_PAYER,1,5000
standardized.person.2024.jp.calibration,JP,CALIBRATION,cell.205,55,70,income.high,household.with-minor,GAMER,NEVER_PAYER,1,2500
standardized.person.2024.jp.calibration,JP,CALIBRATION,cell.206,55,70,income.high,household.with-minor,NON_GAMER,EVER_PAYER,1,10000
standardized.person.2024.jp.calibration,JP,CALIBRATION,cell.207,55,70,income.high,household.with-minor,NON_GAMER,NEVER_PAYER,3,2000
standardized.person.2024.jp.calibration,JP,CALIBRATION,cell.208,55,70,income.high,household.one-person,GAMER,EVER_PAYER,37,10000
standardized.person.2024.jp.calibration,JP,CALIBRATION,cell.209,55,70,income.high,household.one-person,GAMER,NEVER_PAYER,3,500
standardized.person.2024.jp.calibration,JP,CALIBRATION,cell.210,55,70,income.high,household.one-person,NON_GAMER,EVER_PAYER,17,10000
standardized.person.2024.jp.calibration,JP,CALIBRATION,cell.211,55,70,income.high,household.one-person,NON_GAMER,NEVER_PAYER,11,500
standardized.person.2024.jp.calibration,JP,CALIBRATION,cell.212,55,70,income.high,household.multi-no-minor,GAMER,EVER_PAYER,33,5000
standardized.person.2024.jp.calibration,JP,CALIBRATION,cell.213,55,70,income.high,household.multi-no-minor,GAMER,NEVER_PAYER,27,2500
standardized.person.2024.jp.calibration,JP,CALIBRATION,cell.214,55,70,income.high,household.multi-no-minor,NON_GAMER,EVER_PAYER,3,1000
standardized.person.2024.jp.calibration,JP,CALIBRATION,cell.215,55,70,income.high,household.multi-no-minor,NON_GAMER,NEVER_PAYER,99,2500
standardized.person.2024.jp.validation,JP,VALIDATION,cell.000,10,18,income.low,household.with-minor,GAMER,EVER_PAYER,13,2500
standardized.person.2024.jp.validation,JP,VALIDATION,cell.001,10,18,income.low,household.with-minor,GAMER,NEVER_PAYER,71,5000
standardized.person.2024.jp.validation,JP,VALIDATION,cell.002,10,18,income.low,household.with-minor,NON_GAMER,EVER_PAYER,3,10000
standardized.person.2024.jp.validation,JP,VALIDATION,cell.003,10,18,income.low,household.with-minor,NON_GAMER,NEVER_PAYER,43,10000
standardized.person.2024.jp.validation,JP,VALIDATION,cell.004,10,18,income.low,household.one-person,GAMER,EVER_PAYER,0,1
standardized.person.2024.jp.validation,JP,VALIDATION,cell.005,10,18,income.low,household.one-person,GAMER,NEVER_PAYER,0,1
standardized.person.2024.jp.validation,JP,VALIDATION,cell.006,10,18,income.low,household.one-person,NON_GAMER,EVER_PAYER,0,1
standardized.person.2024.jp.validation,JP,VALIDATION,cell.007,10,18,income.low,household.one-person,NON_GAMER,NEVER_PAYER,0,1
standardized.person.2024.jp.validation,JP,VALIDATION,cell.008,10,18,income.low,household.multi-no-minor,GAMER,EVER_PAYER,0,1
standardized.person.2024.jp.validation,JP,VALIDATION,cell.009,10,18,income.low,household.multi-no-minor,GAMER,NEVER_PAYER,0,1
standardized.person.2024.jp.validation,JP,VALIDATION,cell.010,10,18,income.low,household.multi-no-minor,NON_GAMER,EVER_PAYER,0,1
standardized.person.2024.jp.validation,JP,VALIDATION,cell.011,10,18,income.low,household.multi-no-minor,NON_GAMER,NEVER_PAYER,0,1
standardized.person.2024.jp.validation,JP,VALIDATION,cell.012,10,18,income.middle,household.with-minor,GAMER,EVER_PAYER,11,1250
standardized.person.2024.jp.validation,JP,VALIDATION,cell.013,10,18,income.middle,household.with-minor,GAMER,NEVER_PAYER,171,10000
standardized.person.2024.jp.validation,JP,VALIDATION,cell.014,10,18,income.middle,household.with-minor,NON_GAMER,EVER_PAYER,1,2000
standardized.person.2024.jp.validation,JP,VALIDATION,cell.015,10,18,income.middle,household.with-minor,NON_GAMER,NEVER_PAYER,7,1250
standardized.person.2024.jp.validation,JP,VALIDATION,cell.016,10,18,income.middle,household.one-person,GAMER,EVER_PAYER,0,1
standardized.person.2024.jp.validation,JP,VALIDATION,cell.017,10,18,income.middle,household.one-person,GAMER,NEVER_PAYER,0,1
standardized.person.2024.jp.validation,JP,VALIDATION,cell.018,10,18,income.middle,household.one-person,NON_GAMER,EVER_PAYER,0,1
standardized.person.2024.jp.validation,JP,VALIDATION,cell.019,10,18,income.middle,household.one-person,NON_GAMER,NEVER_PAYER,0,1
standardized.person.2024.jp.validation,JP,VALIDATION,cell.020,10,18,income.middle,household.multi-no-minor,GAMER,EVER_PAYER,0,1
standardized.person.2024.jp.validation,JP,VALIDATION,cell.021,10,18,income.middle,household.multi-no-minor,GAMER,NEVER_PAYER,0,1
standardized.person.2024.jp.validation,JP,VALIDATION,cell.022,10,18,income.middle,household.multi-no-minor,NON_GAMER,EVER_PAYER,0,1
standardized.person.2024.jp.validation,JP,VALIDATION,cell.023,10,18,income.middle,household.multi-no-minor,NON_GAMER,NEVER_PAYER,0,1
standardized.person.2024.jp.validation,JP,VALIDATION,cell.024,10,18,income.high,household.with-minor,GAMER,EVER_PAYER,1,125
standardized.person.2024.jp.validation,JP,VALIDATION,cell.025,10,18,income.high,household.with-minor,GAMER,NEVER_PAYER,23,2000
standardized.person.2024.jp.validation,JP,VALIDATION,cell.026,10,18,income.high,household.with-minor,NON_GAMER,EVER_PAYER,1,2000
standardized.person.2024.jp.validation,JP,VALIDATION,cell.027,10,18,income.high,household.with-minor,NON_GAMER,NEVER_PAYER,41,10000
standardized.person.2024.jp.validation,JP,VALIDATION,cell.028,10,18,income.high,household.one-person,GAMER,EVER_PAYER,0,1
standardized.person.2024.jp.validation,JP,VALIDATION,cell.029,10,18,income.high,household.one-person,GAMER,NEVER_PAYER,0,1
standardized.person.2024.jp.validation,JP,VALIDATION,cell.030,10,18,income.high,household.one-person,NON_GAMER,EVER_PAYER,0,1
standardized.person.2024.jp.validation,JP,VALIDATION,cell.031,10,18,income.high,household.one-person,NON_GAMER,NEVER_PAYER,0,1
standardized.person.2024.jp.validation,JP,VALIDATION,cell.032,10,18,income.high,household.multi-no-minor,GAMER,EVER_PAYER,0,1
standardized.person.2024.jp.validation,JP,VALIDATION,cell.033,10,18,income.high,household.multi-no-minor,GAMER,NEVER_PAYER,0,1
standardized.person.2024.jp.validation,JP,VALIDATION,cell.034,10,18,income.high,household.multi-no-minor,NON_GAMER,EVER_PAYER,0,1
standardized.person.2024.jp.validation,JP,VALIDATION,cell.035,10,18,income.high,household.multi-no-minor,NON_GAMER,NEVER_PAYER,0,1
standardized.person.2024.jp.validation,JP,VALIDATION,cell.036,18,25,income.low,household.with-minor,GAMER,EVER_PAYER,1,2500
standardized.person.2024.jp.validation,JP,VALIDATION,cell.037,18,25,income.low,household.with-minor,GAMER,NEVER_PAYER,13,10000
standardized.person.2024.jp.validation,JP,VALIDATION,cell.038,18,25,income.low,household.with-minor,NON_GAMER,EVER_PAYER,0,1
standardized.person.2024.jp.validation,JP,VALIDATION,cell.039,18,25,income.low,household.with-minor,NON_GAMER,NEVER_PAYER,1,1250
standardized.person.2024.jp.validation,JP,VALIDATION,cell.040,18,25,income.low,household.one-person,GAMER,EVER_PAYER,7,2500
standardized.person.2024.jp.validation,JP,VALIDATION,cell.041,18,25,income.low,household.one-person,GAMER,NEVER_PAYER,21,2500
standardized.person.2024.jp.validation,JP,VALIDATION,cell.042,18,25,income.low,household.one-person,NON_GAMER,EVER_PAYER,1,5000
standardized.person.2024.jp.validation,JP,VALIDATION,cell.043,18,25,income.low,household.one-person,NON_GAMER,NEVER_PAYER,3,625
standardized.person.2024.jp.validation,JP,VALIDATION,cell.044,18,25,income.low,household.multi-no-minor,GAMER,EVER_PAYER,3,1250
standardized.person.2024.jp.validation,JP,VALIDATION,cell.045,18,25,income.low,household.multi-no-minor,GAMER,NEVER_PAYER,9,1250
standardized.person.2024.jp.validation,JP,VALIDATION,cell.046,18,25,income.low,household.multi-no-minor,NON_GAMER,EVER_PAYER,1,5000
standardized.person.2024.jp.validation,JP,VALIDATION,cell.047,18,25,income.low,household.multi-no-minor,NON_GAMER,NEVER_PAYER,41,10000
standardized.person.2024.jp.validation,JP,VALIDATION,cell.048,18,25,income.middle,household.with-minor,GAMER,EVER_PAYER,9,10000
standardized.person.2024.jp.validation,JP,VALIDATION,cell.049,18,25,income.middle,household.with-minor,GAMER,NEVER_PAYER,19,10000
standardized.person.2024.jp.validation,JP,VALIDATION,cell.050,18,25,income.middle,household.with-minor,NON_GAMER,EVER_PAYER,1,10000
standardized.person.2024.jp.validation,JP,VALIDATION,cell.051,18,25,income.middle,household.with-minor,NON_GAMER,NEVER_PAYER,3,2500
standardized.person.2024.jp.validation,JP,VALIDATION,cell.052,18,25,income.middle,household.one-person,GAMER,EVER_PAYER,41,10000
standardized.person.2024.jp.validation,JP,VALIDATION,cell.053,18,25,income.middle,household.one-person,GAMER,NEVER_PAYER,87,10000
standardized.person.2024.jp.validation,JP,VALIDATION,cell.054,18,25,income.middle,household.one-person,NON_GAMER,EVER_PAYER,1,2500
standardized.person.2024.jp.validation,JP,VALIDATION,cell.055,18,25,income.middle,household.one-person,NON_GAMER,NEVER_PAYER,53,10000
standardized.person.2024.jp.validation,JP,VALIDATION,cell.056,18,25,income.middle,household.multi-no-minor,GAMER,EVER_PAYER,41,10000
standardized.person.2024.jp.validation,JP,VALIDATION,cell.057,18,25,income.middle,household.multi-no-minor,GAMER,NEVER_PAYER,87,10000
standardized.person.2024.jp.validation,JP,VALIDATION,cell.058,18,25,income.middle,household.multi-no-minor,NON_GAMER,EVER_PAYER,1,2500
standardized.person.2024.jp.validation,JP,VALIDATION,cell.059,18,25,income.middle,household.multi-no-minor,NON_GAMER,NEVER_PAYER,53,10000
standardized.person.2024.jp.validation,JP,VALIDATION,cell.060,18,25,income.high,household.with-minor,GAMER,EVER_PAYER,9,10000
standardized.person.2024.jp.validation,JP,VALIDATION,cell.061,18,25,income.high,household.with-minor,GAMER,NEVER_PAYER,7,5000
standardized.person.2024.jp.validation,JP,VALIDATION,cell.062,18,25,income.high,household.with-minor,NON_GAMER,EVER_PAYER,1,10000
standardized.person.2024.jp.validation,JP,VALIDATION,cell.063,18,25,income.high,household.with-minor,NON_GAMER,NEVER_PAYER,9,10000
standardized.person.2024.jp.validation,JP,VALIDATION,cell.064,18,25,income.high,household.one-person,GAMER,EVER_PAYER,7,2500
standardized.person.2024.jp.validation,JP,VALIDATION,cell.065,18,25,income.high,household.one-person,GAMER,NEVER_PAYER,11,2500
standardized.person.2024.jp.validation,JP,VALIDATION,cell.066,18,25,income.high,household.one-person,NON_GAMER,EVER_PAYER,3,10000
standardized.person.2024.jp.validation,JP,VALIDATION,cell.067,18,25,income.high,household.one-person,NON_GAMER,NEVER_PAYER,29,10000
standardized.person.2024.jp.validation,JP,VALIDATION,cell.068,18,25,income.high,household.multi-no-minor,GAMER,EVER_PAYER,17,5000
standardized.person.2024.jp.validation,JP,VALIDATION,cell.069,18,25,income.high,household.multi-no-minor,GAMER,NEVER_PAYER,53,10000
standardized.person.2024.jp.validation,JP,VALIDATION,cell.070,18,25,income.high,household.multi-no-minor,NON_GAMER,EVER_PAYER,3,10000
standardized.person.2024.jp.validation,JP,VALIDATION,cell.071,18,25,income.high,household.multi-no-minor,NON_GAMER,NEVER_PAYER,9,2500
standardized.person.2024.jp.validation,JP,VALIDATION,cell.072,25,35,income.low,household.with-minor,GAMER,EVER_PAYER,7,10000
standardized.person.2024.jp.validation,JP,VALIDATION,cell.073,25,35,income.low,household.with-minor,GAMER,NEVER_PAYER,3,1250
standardized.person.2024.jp.validation,JP,VALIDATION,cell.074,25,35,income.low,household.with-minor,NON_GAMER,EVER_PAYER,1,10000
standardized.person.2024.jp.validation,JP,VALIDATION,cell.075,25,35,income.low,household.with-minor,NON_GAMER,NEVER_PAYER,21,10000
standardized.person.2024.jp.validation,JP,VALIDATION,cell.076,25,35,income.low,household.one-person,GAMER,EVER_PAYER,3,1250
standardized.person.2024.jp.validation,JP,VALIDATION,cell.077,25,35,income.low,household.one-person,GAMER,NEVER_PAYER,81,10000
standardized.person.2024.jp.validation,JP,VALIDATION,cell.078,25,35,income.low,household.one-person,NON_GAMER,EVER_PAYER,3,10000
standardized.person.2024.jp.validation,JP,VALIDATION,cell.079,25,35,income.low,household.one-person,NON_GAMER,NEVER_PAYER,7,1000
standardized.person.2024.jp.validation,JP,VALIDATION,cell.080,25,35,income.low,household.multi-no-minor,GAMER,EVER_PAYER,29,10000
standardized.person.2024.jp.validation,JP,VALIDATION,cell.081,25,35,income.low,household.multi-no-minor,GAMER,NEVER_PAYER,49,5000
standardized.person.2024.jp.validation,JP,VALIDATION,cell.082,25,35,income.low,household.multi-no-minor,NON_GAMER,EVER_PAYER,1,2500
standardized.person.2024.jp.validation,JP,VALIDATION,cell.083,25,35,income.low,household.multi-no-minor,NON_GAMER,NEVER_PAYER,17,2000
standardized.person.2024.jp.validation,JP,VALIDATION,cell.084,25,35,income.middle,household.with-minor,GAMER,EVER_PAYER,9,5000
standardized.person.2024.jp.validation,JP,VALIDATION,cell.085,25,35,income.middle,household.with-minor,GAMER,NEVER_PAYER,21,5000
standardized.person.2024.jp.validation,JP,VALIDATION,cell.086,25,35,income.middle,household.with-minor,NON_GAMER,EVER_PAYER,1,5000
standardized.person.2024.jp.validation,JP,VALIDATION,cell.087,25,35,income.middle,household.with-minor,NON_GAMER,NEVER_PAYER,39,10000
standardized.person.2024.jp.validation,JP,VALIDATION,cell.088,25,35,income.middle,household.one-person,GAMER,EVER_PAYER,21,5000
standardized.person.2024.jp.validation,JP,VALIDATION,cell.089,25,35,income.middle,household.one-person,GAMER,NEVER_PAYER,97,10000
standardized.person.2024.jp.validation,JP,VALIDATION,cell.090,25,35,income.middle,household.one-person,NON_GAMER,EVER_PAYER,3,5000
standardized.person.2024.jp.validation,JP,VALIDATION,cell.091,25,35,income.middle,household.one-person,NON_GAMER,NEVER_PAYER,91,10000
standardized.person.2024.jp.validation,JP,VALIDATION,cell.092,25,35,income.middle,household.multi-no-minor,GAMER,EVER_PAYER,59,10000
standardized.person.2024.jp.validation,JP,VALIDATION,cell.093,25,35,income.middle,household.multi-no-minor,GAMER,NEVER_PAYER,139,10000
standardized.person.2024.jp.validation,JP,VALIDATION,cell.094,25,35,income.middle,household.multi-no-minor,NON_GAMER,EVER_PAYER,1,1250
standardized.person.2024.jp.validation,JP,VALIDATION,cell.095,25,35,income.middle,household.multi-no-minor,NON_GAMER,NEVER_PAYER,129,10000
standardized.person.2024.jp.validation,JP,VALIDATION,cell.096,25,35,income.high,household.with-minor,GAMER,EVER_PAYER,19,10000
standardized.person.2024.jp.validation,JP,VALIDATION,cell.097,25,35,income.high,household.with-minor,GAMER,NEVER_PAYER,2,625
standardized.person.2024.jp.validation,JP,VALIDATION,cell.098,25,35,income.high,household.with-minor,NON_GAMER,EVER_PAYER,3,10000
standardized.person.2024.jp.validation,JP,VALIDATION,cell.099,25,35,income.high,household.with-minor,NON_GAMER,NEVER_PAYER,33,10000
standardized.person.2024.jp.validation,JP,VALIDATION,cell.100,25,35,income.high,household.one-person,GAMER,EVER_PAYER,2,625
standardized.person.2024.jp.validation,JP,VALIDATION,cell.101,25,35,income.high,household.one-person,GAMER,NEVER_PAYER,27,5000
standardized.person.2024.jp.validation,JP,VALIDATION,cell.102,25,35,income.high,household.one-person,NON_GAMER,EVER_PAYER,1,2000
standardized.person.2024.jp.validation,JP,VALIDATION,cell.103,25,35,income.high,household.one-person,NON_GAMER,NEVER_PAYER,11,2000
standardized.person.2024.jp.validation,JP,VALIDATION,cell.104,25,35,income.high,household.multi-no-minor,GAMER,EVER_PAYER,27,5000
standardized.person.2024.jp.validation,JP,VALIDATION,cell.105,25,35,income.high,household.multi-no-minor,GAMER,NEVER_PAYER,23,2500
standardized.person.2024.jp.validation,JP,VALIDATION,cell.106,25,35,income.high,household.multi-no-minor,NON_GAMER,EVER_PAYER,1,1250
standardized.person.2024.jp.validation,JP,VALIDATION,cell.107,25,35,income.high,household.multi-no-minor,NON_GAMER,NEVER_PAYER,47,5000
standardized.person.2024.jp.validation,JP,VALIDATION,cell.108,35,45,income.low,household.with-minor,GAMER,EVER_PAYER,7,10000
standardized.person.2024.jp.validation,JP,VALIDATION,cell.109,35,45,income.low,household.with-minor,GAMER,NEVER_PAYER,13,5000
standardized.person.2024.jp.validation,JP,VALIDATION,cell.110,35,45,income.low,household.with-minor,NON_GAMER,EVER_PAYER,1,10000
standardized.person.2024.jp.validation,JP,VALIDATION,cell.111,35,45,income.low,household.with-minor,NON_GAMER,NEVER_PAYER,17,5000
standardized.person.2024.jp.validation,JP,VALIDATION,cell.112,35,45,income.low,household.one-person,GAMER,EVER_PAYER,13,10000
standardized.person.2024.jp.validation,JP,VALIDATION,cell.113,35,45,income.low,household.one-person,GAMER,NEVER_PAYER,1,200
standardized.person.2024.jp.validation,JP,VALIDATION,cell.114,35,45,income.low,household.one-person,NON_GAMER,EVER_PAYER,3,10000
standardized.person.2024.jp.validation,JP,VALIDATION,cell.115,35,45,income.low,household.one-person,NON_GAMER,NEVER_PAYER,33,5000
standardized.person.2024.jp.validation,JP,VALIDATION,cell.116,35,45,income.low,household.multi-no-minor,GAMER,EVER_PAYER,3,1250
standardized.person.2024.jp.validation,JP,VALIDATION,cell.117,35,45,income.low,household.multi-no-minor,GAMER,NEVER_PAYER,91,10000
standardized.person.2024.jp.validation,JP,VALIDATION,cell.118,35,45,income.low,household.multi-no-minor,NON_GAMER,EVER_PAYER,1,2000
standardized.person.2024.jp.validation,JP,VALIDATION,cell.119,35,45,income.low,household.multi-no-minor,NON_GAMER,NEVER_PAYER,3,250
standardized.person.2024.jp.validation,JP,VALIDATION,cell.120,35,45,income.middle,household.with-minor,GAMER,EVER_PAYER,11,5000
standardized.person.2024.jp.validation,JP,VALIDATION,cell.121,35,45,income.middle,household.with-minor,GAMER,NEVER_PAYER,7,1250
standardized.person.2024.jp.validation,JP,VALIDATION,cell.122,35,45,income.middle,household.with-minor,NON_GAMER,EVER_PAYER,1,2000
standardized.person.2024.jp.validation,JP,VALIDATION,cell.123,35,45,income.middle,household.with-minor,NON_GAMER,NEVER_PAYER,1,125
standardized.person.2024.jp.validation,JP,VALIDATION,cell.124,35,45,income.middle,household.one-person,GAMER,EVER_PAYER,27,10000
standardized.person.2024.jp.validation,JP,VALIDATION,cell.125,35,45,income.middle,household.one-person,GAMER,NEVER_PAYER,71,10000
standardized.person.2024.jp.validation,JP,VALIDATION,cell.126,35,45,income.middle,household.one-person,NON_GAMER,EVER_PAYER,3,5000
standardized.person.2024.jp.validation,JP,VALIDATION,cell.127,35,45,income.middle,household.one-person,NON_GAMER,NEVER_PAYER,1,100
standardized.person.2024.jp.validation,JP,VALIDATION,cell.128,35,45,income.middle,household.multi-no-minor,GAMER,EVER_PAYER,3,500
standardized.person.2024.jp.validation,JP,VALIDATION,cell.129,35,45,income.middle,household.multi-no-minor,GAMER,NEVER_PAYER,31,2000
standardized.person.2024.jp.validation,JP,VALIDATION,cell.130,35,45,income.middle,household.multi-no-minor,NON_GAMER,EVER_PAYER,7,5000
standardized.person.2024.jp.validation,JP,VALIDATION,cell.131,35,45,income.middle,household.multi-no-minor,NON_GAMER,NEVER_PAYER,11,500
standardized.person.2024.jp.validation,JP,VALIDATION,cell.132,35,45,income.high,household.with-minor,GAMER,EVER_PAYER,1,400
standardized.person.2024.jp.validation,JP,VALIDATION,cell.133,35,45,income.high,household.with-minor,GAMER,NEVER_PAYER,23,5000
standardized.person.2024.jp.validation,JP,VALIDATION,cell.134,35,45,income.high,household.with-minor,NON_GAMER,EVER_PAYER,3,5000
standardized.person.2024.jp.validation,JP,VALIDATION,cell.135,35,45,income.high,household.with-minor,NON_GAMER,NEVER_PAYER,71,10000
standardized.person.2024.jp.validation,JP,VALIDATION,cell.136,35,45,income.high,household.one-person,GAMER,EVER_PAYER,23,10000
standardized.person.2024.jp.validation,JP,VALIDATION,cell.137,35,45,income.high,household.one-person,GAMER,NEVER_PAYER,43,10000
standardized.person.2024.jp.validation,JP,VALIDATION,cell.138,35,45,income.high,household.one-person,NON_GAMER,EVER_PAYER,3,5000
standardized.person.2024.jp.validation,JP,VALIDATION,cell.139,35,45,income.high,household.one-person,NON_GAMER,NEVER_PAYER,33,5000
standardized.person.2024.jp.validation,JP,VALIDATION,cell.140,35,45,income.high,household.multi-no-minor,GAMER,EVER_PAYER,3,500
standardized.person.2024.jp.validation,JP,VALIDATION,cell.141,35,45,income.high,household.multi-no-minor,GAMER,NEVER_PAYER,111,10000
standardized.person.2024.jp.validation,JP,VALIDATION,cell.142,35,45,income.high,household.multi-no-minor,NON_GAMER,EVER_PAYER,3,2000
standardized.person.2024.jp.validation,JP,VALIDATION,cell.143,35,45,income.high,household.multi-no-minor,NON_GAMER,NEVER_PAYER,17,1000
standardized.person.2024.jp.validation,JP,VALIDATION,cell.144,45,55,income.low,household.with-minor,GAMER,EVER_PAYER,1,5000
standardized.person.2024.jp.validation,JP,VALIDATION,cell.145,45,55,income.low,household.with-minor,GAMER,NEVER_PAYER,7,10000
standardized.person.2024.jp.validation,JP,VALIDATION,cell.146,45,55,income.low,household.with-minor,NON_GAMER,EVER_PAYER,1,10000
standardized.person.2024.jp.validation,JP,VALIDATION,cell.147,45,55,income.low,household.with-minor,NON_GAMER,NEVER_PAYER,3,2000
standardized.person.2024.jp.validation,JP,VALIDATION,cell.148,45,55,income.low,household.one-person,GAMER,EVER_PAYER,11,10000
standardized.person.2024.jp.validation,JP,VALIDATION,cell.149,45,55,income.low,household.one-person,GAMER,NEVER_PAYER,21,5000
standardized.person.2024.jp.validation,JP,VALIDATION,cell.150,45,55,income.low,household.one-person,NON_GAMER,EVER_PAYER,1,2500
standardized.person.2024.jp.validation,JP,VALIDATION,cell.151,45,55,income.low,household.one-person,NON_GAMER,NEVER_PAYER,43,5000
standardized.person.2024.jp.validation,JP,VALIDATION,cell.152,45,55,income.low,household.multi-no-minor,GAMER,EVER_PAYER,21,10000
standardized.person.2024.jp.validation,JP,VALIDATION,cell.153,45,55,income.low,household.multi-no-minor,GAMER,NEVER_PAYER,79,10000
standardized.person.2024.jp.validation,JP,VALIDATION,cell.154,45,55,income.low,household.multi-no-minor,NON_GAMER,EVER_PAYER,7,10000
standardized.person.2024.jp.validation,JP,VALIDATION,cell.155,45,55,income.low,household.multi-no-minor,NON_GAMER,NEVER_PAYER,41,2500
standardized.person.2024.jp.validation,JP,VALIDATION,cell.156,45,55,income.middle,household.with-minor,GAMER,EVER_PAYER,1,1250
standardized.person.2024.jp.validation,JP,VALIDATION,cell.157,45,55,income.middle,household.with-minor,GAMER,NEVER_PAYER,21,10000
standardized.person.2024.jp.validation,JP,VALIDATION,cell.158,45,55,income.middle,household.with-minor,NON_GAMER,EVER_PAYER,3,10000
standardized.person.2024.jp.validation,JP,VALIDATION,cell.159,45,55,income.middle,household.with-minor,NON_GAMER,NEVER_PAYER,23,5000
standardized.person.2024.jp.validation,JP,VALIDATION,cell.160,45,55,income.middle,household.one-person,GAMER,EVER_PAYER,27,10000
standardized.person.2024.jp.validation,JP,VALIDATION,cell.161,45,55,income.middle,household.one-person,GAMER,NEVER_PAYER,7,1000
standardized.person.2024.jp.validation,JP,VALIDATION,cell.162,45,55,income.middle,household.one-person,NON_GAMER,EVER_PAYER,1,1000
standardized.person.2024.jp.validation,JP,VALIDATION,cell.163,45,55,income.middle,household.one-person,NON_GAMER,NEVER_PAYER,31,2000
standardized.person.2024.jp.validation,JP,VALIDATION,cell.164,45,55,income.middle,household.multi-no-minor,GAMER,EVER_PAYER,13,2000
standardized.person.2024.jp.validation,JP,VALIDATION,cell.165,45,55,income.middle,household.multi-no-minor,GAMER,NEVER_PAYER,21,1250
standardized.person.2024.jp.validation,JP,VALIDATION,cell.166,45,55,income.middle,household.multi-no-minor,NON_GAMER,EVER_PAYER,3,1250
standardized.person.2024.jp.validation,JP,VALIDATION,cell.167,45,55,income.middle,household.multi-no-minor,NON_GAMER,NEVER_PAYER,373,10000
standardized.person.2024.jp.validation,JP,VALIDATION,cell.168,45,55,income.high,household.with-minor,GAMER,EVER_PAYER,1,1000
standardized.person.2024.jp.validation,JP,VALIDATION,cell.169,45,55,income.high,household.with-minor,GAMER,NEVER_PAYER,9,5000
standardized.person.2024.jp.validation,JP,VALIDATION,cell.170,45,55,income.high,household.with-minor,NON_GAMER,EVER_PAYER,1,2500
standardized.person.2024.jp.validation,JP,VALIDATION,cell.171,45,55,income.high,household.with-minor,NON_GAMER,NEVER_PAYER,43,10000
standardized.person.2024.jp.validation,JP,VALIDATION,cell.172,45,55,income.high,household.one-person,GAMER,EVER_PAYER,1,400
standardized.person.2024.jp.validation,JP,VALIDATION,cell.173,45,55,income.high,household.one-person,GAMER,NEVER_PAYER,23,5000
standardized.person.2024.jp.validation,JP,VALIDATION,cell.174,45,55,income.high,household.one-person,NON_GAMER,EVER_PAYER,1,1000
standardized.person.2024.jp.validation,JP,VALIDATION,cell.175,45,55,income.high,household.one-person,NON_GAMER,NEVER_PAYER,11,1000
standardized.person.2024.jp.validation,JP,VALIDATION,cell.176,45,55,income.high,household.multi-no-minor,GAMER,EVER_PAYER,17,2500
standardized.person.2024.jp.validation,JP,VALIDATION,cell.177,45,55,income.high,household.multi-no-minor,GAMER,NEVER_PAYER,127,10000
standardized.person.2024.jp.validation,JP,VALIDATION,cell.178,45,55,income.high,household.multi-no-minor,NON_GAMER,EVER_PAYER,27,10000
standardized.person.2024.jp.validation,JP,VALIDATION,cell.179,45,55,income.high,household.multi-no-minor,NON_GAMER,NEVER_PAYER,307,10000
standardized.person.2024.jp.validation,JP,VALIDATION,cell.180,55,70,income.low,household.with-minor,GAMER,EVER_PAYER,0,1
standardized.person.2024.jp.validation,JP,VALIDATION,cell.181,55,70,income.low,household.with-minor,GAMER,NEVER_PAYER,1,10000
standardized.person.2024.jp.validation,JP,VALIDATION,cell.182,55,70,income.low,household.with-minor,NON_GAMER,EVER_PAYER,0,1
standardized.person.2024.jp.validation,JP,VALIDATION,cell.183,55,70,income.low,household.with-minor,NON_GAMER,NEVER_PAYER,1,2500
standardized.person.2024.jp.validation,JP,VALIDATION,cell.184,55,70,income.low,household.one-person,GAMER,EVER_PAYER,1,1000
standardized.person.2024.jp.validation,JP,VALIDATION,cell.185,55,70,income.low,household.one-person,GAMER,NEVER_PAYER,37,10000
standardized.person.2024.jp.validation,JP,VALIDATION,cell.186,55,70,income.low,household.one-person,NON_GAMER,EVER_PAYER,3,5000
standardized.person.2024.jp.validation,JP,VALIDATION,cell.187,55,70,income.low,household.one-person,NON_GAMER,NEVER_PAYER,137,10000
standardized.person.2024.jp.validation,JP,VALIDATION,cell.188,55,70,income.low,household.multi-no-minor,GAMER,EVER_PAYER,3,2500
standardized.person.2024.jp.validation,JP,VALIDATION,cell.189,55,70,income.low,household.multi-no-minor,GAMER,NEVER_PAYER,11,2500
standardized.person.2024.jp.validation,JP,VALIDATION,cell.190,55,70,income.low,household.multi-no-minor,NON_GAMER,EVER_PAYER,7,10000
standardized.person.2024.jp.validation,JP,VALIDATION,cell.191,55,70,income.low,household.multi-no-minor,NON_GAMER,NEVER_PAYER,81,5000
standardized.person.2024.jp.validation,JP,VALIDATION,cell.192,55,70,income.middle,household.with-minor,GAMER,EVER_PAYER,1,5000
standardized.person.2024.jp.validation,JP,VALIDATION,cell.193,55,70,income.middle,household.with-minor,GAMER,NEVER_PAYER,1,2500
standardized.person.2024.jp.validation,JP,VALIDATION,cell.194,55,70,income.middle,household.with-minor,NON_GAMER,EVER_PAYER,1,10000
standardized.person.2024.jp.validation,JP,VALIDATION,cell.195,55,70,income.middle,household.with-minor,NON_GAMER,NEVER_PAYER,1,625
standardized.person.2024.jp.validation,JP,VALIDATION,cell.196,55,70,income.middle,household.one-person,GAMER,EVER_PAYER,3,1000
standardized.person.2024.jp.validation,JP,VALIDATION,cell.197,55,70,income.middle,household.one-person,GAMER,NEVER_PAYER,77,10000
standardized.person.2024.jp.validation,JP,VALIDATION,cell.198,55,70,income.middle,household.one-person,NON_GAMER,EVER_PAYER,19,10000
standardized.person.2024.jp.validation,JP,VALIDATION,cell.199,55,70,income.middle,household.one-person,NON_GAMER,NEVER_PAYER,301,10000
standardized.person.2024.jp.validation,JP,VALIDATION,cell.200,55,70,income.middle,household.multi-no-minor,GAMER,EVER_PAYER,47,10000
standardized.person.2024.jp.validation,JP,VALIDATION,cell.201,55,70,income.middle,household.multi-no-minor,GAMER,NEVER_PAYER,121,10000
standardized.person.2024.jp.validation,JP,VALIDATION,cell.202,55,70,income.middle,household.multi-no-minor,NON_GAMER,EVER_PAYER,3,1000
standardized.person.2024.jp.validation,JP,VALIDATION,cell.203,55,70,income.middle,household.multi-no-minor,NON_GAMER,NEVER_PAYER,119,2500
standardized.person.2024.jp.validation,JP,VALIDATION,cell.204,55,70,income.high,household.with-minor,GAMER,EVER_PAYER,1,5000
standardized.person.2024.jp.validation,JP,VALIDATION,cell.205,55,70,income.high,household.with-minor,GAMER,NEVER_PAYER,1,2500
standardized.person.2024.jp.validation,JP,VALIDATION,cell.206,55,70,income.high,household.with-minor,NON_GAMER,EVER_PAYER,1,10000
standardized.person.2024.jp.validation,JP,VALIDATION,cell.207,55,70,income.high,household.with-minor,NON_GAMER,NEVER_PAYER,3,2000
standardized.person.2024.jp.validation,JP,VALIDATION,cell.208,55,70,income.high,household.one-person,GAMER,EVER_PAYER,29,10000
standardized.person.2024.jp.validation,JP,VALIDATION,cell.209,55,70,income.high,household.one-person,GAMER,NEVER_PAYER,27,5000
standardized.person.2024.jp.validation,JP,VALIDATION,cell.210,55,70,income.high,household.one-person,NON_GAMER,EVER_PAYER,1,500
standardized.person.2024.jp.validation,JP,VALIDATION,cell.211,55,70,income.high,household.one-person,NON_GAMER,NEVER_PAYER,229,10000
standardized.person.2024.jp.validation,JP,VALIDATION,cell.212,55,70,income.high,household.multi-no-minor,GAMER,EVER_PAYER,13,2500
standardized.person.2024.jp.validation,JP,VALIDATION,cell.213,55,70,income.high,household.multi-no-minor,GAMER,NEVER_PAYER,97,10000
standardized.person.2024.jp.validation,JP,VALIDATION,cell.214,55,70,income.high,household.multi-no-minor,NON_GAMER,EVER_PAYER,9,2500
standardized.person.2024.jp.validation,JP,VALIDATION,cell.215,55,70,income.high,household.multi-no-minor,NON_GAMER,NEVER_PAYER,207,5000
standardized.person.2024.kr.calibration,KR,CALIBRATION,cell.000,10,18,income.low,household.with-minor,GAMER,EVER_PAYER,31,5000
standardized.person.2024.kr.calibration,KR,CALIBRATION,cell.001,10,18,income.low,household.with-minor,GAMER,NEVER_PAYER,29,2000
standardized.person.2024.kr.calibration,KR,CALIBRATION,cell.002,10,18,income.low,household.with-minor,NON_GAMER,EVER_PAYER,1,5000
standardized.person.2024.kr.calibration,KR,CALIBRATION,cell.003,10,18,income.low,household.with-minor,NON_GAMER,NEVER_PAYER,43,10000
standardized.person.2024.kr.calibration,KR,CALIBRATION,cell.004,10,18,income.low,household.one-person,GAMER,EVER_PAYER,0,1
standardized.person.2024.kr.calibration,KR,CALIBRATION,cell.005,10,18,income.low,household.one-person,GAMER,NEVER_PAYER,0,1
standardized.person.2024.kr.calibration,KR,CALIBRATION,cell.006,10,18,income.low,household.one-person,NON_GAMER,EVER_PAYER,0,1
standardized.person.2024.kr.calibration,KR,CALIBRATION,cell.007,10,18,income.low,household.one-person,NON_GAMER,NEVER_PAYER,0,1
standardized.person.2024.kr.calibration,KR,CALIBRATION,cell.008,10,18,income.low,household.multi-no-minor,GAMER,EVER_PAYER,0,1
standardized.person.2024.kr.calibration,KR,CALIBRATION,cell.009,10,18,income.low,household.multi-no-minor,GAMER,NEVER_PAYER,0,1
standardized.person.2024.kr.calibration,KR,CALIBRATION,cell.010,10,18,income.low,household.multi-no-minor,NON_GAMER,EVER_PAYER,0,1
standardized.person.2024.kr.calibration,KR,CALIBRATION,cell.011,10,18,income.low,household.multi-no-minor,NON_GAMER,NEVER_PAYER,0,1
standardized.person.2024.kr.calibration,KR,CALIBRATION,cell.012,10,18,income.middle,household.with-minor,GAMER,EVER_PAYER,109,10000
standardized.person.2024.kr.calibration,KR,CALIBRATION,cell.013,10,18,income.middle,household.with-minor,GAMER,NEVER_PAYER,93,5000
standardized.person.2024.kr.calibration,KR,CALIBRATION,cell.014,10,18,income.middle,household.with-minor,NON_GAMER,EVER_PAYER,1,2000
standardized.person.2024.kr.calibration,KR,CALIBRATION,cell.015,10,18,income.middle,household.with-minor,NON_GAMER,NEVER_PAYER,3,500
standardized.person.2024.kr.calibration,KR,CALIBRATION,cell.016,10,18,income.middle,household.one-person,GAMER,EVER_PAYER,0,1
standardized.person.2024.kr.calibration,KR,CALIBRATION,cell.017,10,18,income.middle,household.one-person,GAMER,NEVER_PAYER,0,1
standardized.person.2024.kr.calibration,KR,CALIBRATION,cell.018,10,18,income.middle,household.one-person,NON_GAMER,EVER_PAYER,0,1
standardized.person.2024.kr.calibration,KR,CALIBRATION,cell.019,10,18,income.middle,household.one-person,NON_GAMER,NEVER_PAYER,0,1
standardized.person.2024.kr.calibration,KR,CALIBRATION,cell.020,10,18,income.middle,household.multi-no-minor,GAMER,EVER_PAYER,0,1
standardized.person.2024.kr.calibration,KR,CALIBRATION,cell.021,10,18,income.middle,household.multi-no-minor,GAMER,NEVER_PAYER,0,1
standardized.person.2024.kr.calibration,KR,CALIBRATION,cell.022,10,18,income.middle,household.multi-no-minor,NON_GAMER,EVER_PAYER,0,1
standardized.person.2024.kr.calibration,KR,CALIBRATION,cell.023,10,18,income.middle,household.multi-no-minor,NON_GAMER,NEVER_PAYER,0,1
standardized.person.2024.kr.calibration,KR,CALIBRATION,cell.024,10,18,income.high,household.with-minor,GAMER,EVER_PAYER,13,1250
standardized.person.2024.kr.calibration,KR,CALIBRATION,cell.025,10,18,income.high,household.with-minor,GAMER,NEVER_PAYER,33,2500
standardized.person.2024.kr.calibration,KR,CALIBRATION,cell.026,10,18,income.high,household.with-minor,NON_GAMER,EVER_PAYER,1,2000
standardized.person.2024.kr.calibration,KR,CALIBRATION,cell.027,10,18,income.high,household.with-minor,NON_GAMER,NEVER_PAYER,47,10000
standardized.person.2024.kr.calibration,KR,CALIBRATION,cell.028,10,18,income.high,household.one-person,GAMER,EVER_PAYER,0,1
standardized.person.2024.kr.calibration,KR,CALIBRATION,cell.029,10,18,income.high,household.one-person,GAMER,NEVER_PAYER,0,1
standardized.person.2024.kr.calibration,KR,CALIBRATION,cell.030,10,18,income.high,household.one-person,NON_GAMER,EVER_PAYER,0,1
standardized.person.2024.kr.calibration,KR,CALIBRATION,cell.031,10,18,income.high,household.one-person,NON_GAMER,NEVER_PAYER,0,1
standardized.person.2024.kr.calibration,KR,CALIBRATION,cell.032,10,18,income.high,household.multi-no-minor,GAMER,EVER_PAYER,0,1
standardized.person.2024.kr.calibration,KR,CALIBRATION,cell.033,10,18,income.high,household.multi-no-minor,GAMER,NEVER_PAYER,0,1
standardized.person.2024.kr.calibration,KR,CALIBRATION,cell.034,10,18,income.high,household.multi-no-minor,NON_GAMER,EVER_PAYER,0,1
standardized.person.2024.kr.calibration,KR,CALIBRATION,cell.035,10,18,income.high,household.multi-no-minor,NON_GAMER,NEVER_PAYER,0,1
standardized.person.2024.kr.calibration,KR,CALIBRATION,cell.036,18,25,income.low,household.with-minor,GAMER,EVER_PAYER,3,5000
standardized.person.2024.kr.calibration,KR,CALIBRATION,cell.037,18,25,income.low,household.with-minor,GAMER,NEVER_PAYER,1,625
standardized.person.2024.kr.calibration,KR,CALIBRATION,cell.038,18,25,income.low,household.with-minor,NON_GAMER,EVER_PAYER,0,1
standardized.person.2024.kr.calibration,KR,CALIBRATION,cell.039,18,25,income.low,household.with-minor,NON_GAMER,NEVER_PAYER,3,5000
standardized.person.2024.kr.calibration,KR,CALIBRATION,cell.040,18,25,income.low,household.one-person,GAMER,EVER_PAYER,1,250
standardized.person.2024.kr.calibration,KR,CALIBRATION,cell.041,18,25,income.low,household.one-person,GAMER,NEVER_PAYER,103,10000
standardized.person.2024.kr.calibration,KR,CALIBRATION,cell.042,18,25,income.low,household.one-person,NON_GAMER,EVER_PAYER,1,5000
standardized.person.2024.kr.calibration,KR,CALIBRATION,cell.043,18,25,income.low,household.one-person,NON_GAMER,NEVER_PAYER,39,10000
standardized.person.2024.kr.calibration,KR,CALIBRATION,cell.044,18,25,income.low,household.multi-no-minor,GAMER,EVER_PAYER,17,5000
standardized.person.2024.kr.calibration,KR,CALIBRATION,cell.045,18,25,income.low,household.multi-no-minor,GAMER,NEVER_PAYER,11,1250
standardized.person.2024.kr.calibration,KR,CALIBRATION,cell.046,18,25,income.low,household.multi-no-minor,NON_GAMER,EVER_PAYER,1,10000
standardized.person.2024.kr.calibration,KR,CALIBRATION,cell.047,18,25,income.low,household.multi-no-minor,NON_GAMER,NEVER_PAYER,33,10000
standardized.person.2024.kr.calibration,KR,CALIBRATION,cell.048,18,25,income.middle,household.with-minor,GAMER,EVER_PAYER,13,10000
standardized.person.2024.kr.calibration,KR,CALIBRATION,cell.049,18,25,income.middle,household.with-minor,GAMER,NEVER_PAYER,1,400
standardized.person.2024.kr.calibration,KR,CALIBRATION,cell.050,18,25,income.middle,household.with-minor,NON_GAMER,EVER_PAYER,1,10000
standardized.person.2024.kr.calibration,KR,CALIBRATION,cell.051,18,25,income.middle,household.with-minor,NON_GAMER,NEVER_PAYER,1,1000
standardized.person.2024.kr.calibration,KR,CALIBRATION,cell.052,18,25,income.middle,household.one-person,GAMER,EVER_PAYER,3,500
standardized.person.2024.kr.calibration,KR,CALIBRATION,cell.053,18,25,income.middle,household.one-person,GAMER,NEVER_PAYER,7,625
standardized.person.2024.kr.calibration,KR,CALIBRATION,cell.054,18,25,income.middle,household.one-person,NON_GAMER,EVER_PAYER,3,10000
standardized.person.2024.kr.calibration,KR,CALIBRATION,cell.055,18,25,income.middle,household.one-person,NON_GAMER,NEVER_PAYER,23,5000
standardized.person.2024.kr.calibration,KR,CALIBRATION,cell.056,18,25,income.middle,household.multi-no-minor,GAMER,EVER_PAYER,3,500
standardized.person.2024.kr.calibration,KR,CALIBRATION,cell.057,18,25,income.middle,household.multi-no-minor,GAMER,NEVER_PAYER,7,625
standardized.person.2024.kr.calibration,KR,CALIBRATION,cell.058,18,25,income.middle,household.multi-no-minor,NON_GAMER,EVER_PAYER,3,10000
standardized.person.2024.kr.calibration,KR,CALIBRATION,cell.059,18,25,income.middle,household.multi-no-minor,NON_GAMER,NEVER_PAYER,23,5000
standardized.person.2024.kr.calibration,KR,CALIBRATION,cell.060,18,25,income.high,household.with-minor,GAMER,EVER_PAYER,7,5000
standardized.person.2024.kr.calibration,KR,CALIBRATION,cell.061,18,25,income.high,household.with-minor,GAMER,NEVER_PAYER,19,10000
standardized.person.2024.kr.calibration,KR,CALIBRATION,cell.062,18,25,income.high,household.with-minor,NON_GAMER,EVER_PAYER,1,10000
standardized.person.2024.kr.calibration,KR,CALIBRATION,cell.063,18,25,income.high,household.with-minor,NON_GAMER,NEVER_PAYER,1,1250
standardized.person.2024.kr.calibration,KR,CALIBRATION,cell.064,18,25,income.high,household.one-person,GAMER,EVER_PAYER,11,2500
standardized.person.2024.kr.calibration,KR,CALIBRATION,cell.065,18,25,income.high,household.one-person,GAMER,NEVER_PAYER,61,10000
standardized.person.2024.kr.calibration,KR,CALIBRATION,cell.066,18,25,income.high,household.one-person,NON_GAMER,EVER_PAYER,1,5000
standardized.person.2024.kr.calibration,KR,CALIBRATION,cell.067,18,25,income.high,household.one-person,NON_GAMER,NEVER_PAYER,27,10000
standardized.person.2024.kr.calibration,KR,CALIBRATION,cell.068,18,25,income.high,household.multi-no-minor,GAMER,EVER_PAYER,53,10000
standardized.person.2024.kr.calibration,KR,CALIBRATION,cell.069,18,25,income.high,household.multi-no-minor,GAMER,NEVER_PAYER,73,10000
standardized.person.2024.kr.calibration,KR,CALIBRATION,cell.070,18,25,income.high,household.multi-no-minor,NON_GAMER,EVER_PAYER,3,10000
standardized.person.2024.kr.calibration,KR,CALIBRATION,cell.071,18,25,income.high,household.multi-no-minor,NON_GAMER,NEVER_PAYER,33,10000
standardized.person.2024.kr.calibration,KR,CALIBRATION,cell.072,25,35,income.low,household.with-minor,GAMER,EVER_PAYER,1,1000
standardized.person.2024.kr.calibration,KR,CALIBRATION,cell.073,25,35,income.low,household.with-minor,GAMER,NEVER_PAYER,7,2500
standardized.person.2024.kr.calibration,KR,CALIBRATION,cell.074,25,35,income.low,household.with-minor,NON_GAMER,EVER_PAYER,0,1
standardized.person.2024.kr.calibration,KR,CALIBRATION,cell.075,25,35,income.low,household.with-minor,NON_GAMER,NEVER_PAYER,3,2000
standardized.person.2024.kr.calibration,KR,CALIBRATION,cell.076,25,35,income.low,household.one-person,GAMER,EVER_PAYER,7,2000
standardized.person.2024.kr.calibration,KR,CALIBRATION,cell.077,25,35,income.low,household.one-person,GAMER,NEVER_PAYER,99,10000
standardized.person.2024.kr.calibration,KR,CALIBRATION,cell.078,25,35,income.low,household.one-person,NON_GAMER,EVER_PAYER,1,5000
standardized.person.2024.kr.calibration,KR,CALIBRATION,cell.079,25,35,income.low,household.one-person,NON_GAMER,NEVER_PAYER,53,10000
standardized.person.2024.kr.calibration,KR,CALIBRATION,cell.080,25,35,income.low,household.multi-no-minor,GAMER,EVER_PAYER,21,5000
standardized.person.2024.kr.calibration,KR,CALIBRATION,cell.081,25,35,income.low,household.multi-no-minor,GAMER,NEVER_PAYER,59,5000
standardized.person.2024.kr.calibration,KR,CALIBRATION,cell.082,25,35,income.low,household.multi-no-minor,NON_GAMER,EVER_PAYER,1,5000
standardized.person.2024.kr.calibration,KR,CALIBRATION,cell.083,25,35,income.low,household.multi-no-minor,NON_GAMER,NEVER_PAYER,63,10000
standardized.person.2024.kr.calibration,KR,CALIBRATION,cell.084,25,35,income.middle,household.with-minor,GAMER,EVER_PAYER,27,10000
standardized.person.2024.kr.calibration,KR,CALIBRATION,cell.085,25,35,income.middle,household.with-minor,GAMER,NEVER_PAYER,27,5000
standardized.person.2024.kr.calibration,KR,CALIBRATION,cell.086,25,35,income.middle,household.with-minor,NON_GAMER,EVER_PAYER,1,5000
standardized.person.2024.kr.calibration,KR,CALIBRATION,cell.087,25,35,income.middle,household.with-minor,NON_GAMER,NEVER_PAYER,31,10000
standardized.person.2024.kr.calibration,KR,CALIBRATION,cell.088,25,35,income.middle,household.one-person,GAMER,EVER_PAYER,31,5000
standardized.person.2024.kr.calibration,KR,CALIBRATION,cell.089,25,35,income.middle,household.one-person,GAMER,NEVER_PAYER,63,5000
standardized.person.2024.kr.calibration,KR,CALIBRATION,cell.090,25,35,income.middle,household.one-person,NON_GAMER,EVER_PAYER,1,2500
standardized.person.2024.kr.calibration,KR,CALIBRATION,cell.091,25,35,income.middle,household.one-person,NON_GAMER,NEVER_PAYER,73,10000
standardized.person.2024.kr.calibration,KR,CALIBRATION,cell.092,25,35,income.middle,household.multi-no-minor,GAMER,EVER_PAYER,89,10000
standardized.person.2024.kr.calibration,KR,CALIBRATION,cell.093,25,35,income.middle,household.multi-no-minor,GAMER,NEVER_PAYER,9,500
standardized.person.2024.kr.calibration,KR,CALIBRATION,cell.094,25,35,income.middle,household.multi-no-minor,NON_GAMER,EVER_PAYER,1,2000
standardized.person.2024.kr.calibration,KR,CALIBRATION,cell.095,25,35,income.middle,household.multi-no-minor,NON_GAMER,NEVER_PAYER,13,1250
standardized.person.2024.kr.calibration,KR,CALIBRATION,cell.096,25,35,income.high,household.with-minor,GAMER,EVER_PAYER,29,10000
standardized.person.2024.kr.calibration,KR,CALIBRATION,cell.097,25,35,income.high,household.with-minor,GAMER,NEVER_PAYER,11,2500
standardized.person.2024.kr.calibration,KR,CALIBRATION,cell.098,25,35,income.high,household.with-minor,NON_GAMER,EVER_PAYER,1,5000
standardized.person.2024.kr.calibration,KR,CALIBRATION,cell.099,25,35,income.high,household.with-minor,NON_GAMER,NEVER_PAYER,7,2500
standardized.person.2024.kr.calibration,KR,CALIBRATION,cell.100,25,35,income.high,household.one-person,GAMER,EVER_PAYER,1,200
standardized.person.2024.kr.calibration,KR,CALIBRATION,cell.101,25,35,income.high,household.one-person,GAMER,NEVER_PAYER,3,400
standardized.person.2024.kr.calibration,KR,CALIBRATION,cell.102,25,35,income.high,household.one-person,NON_GAMER,EVER_PAYER,1,2500
standardized.person.2024.kr.calibration,KR,CALIBRATION,cell.103,25,35,income.high,household.one-person,NON_GAMER,NEVER_PAYER,3,625
standardized.person.2024.kr.calibration,KR,CALIBRATION,cell.104,25,35,income.high,household.multi-no-minor,GAMER,EVER_PAYER,21,2500
standardized.person.2024.kr.calibration,KR,CALIBRATION,cell.105,25,35,income.high,household.multi-no-minor,GAMER,NEVER_PAYER,63,5000
standardized.person.2024.kr.calibration,KR,CALIBRATION,cell.106,25,35,income.high,household.multi-no-minor,NON_GAMER,EVER_PAYER,3,5000
standardized.person.2024.kr.calibration,KR,CALIBRATION,cell.107,25,35,income.high,household.multi-no-minor,NON_GAMER,NEVER_PAYER,1,125
standardized.person.2024.kr.calibration,KR,CALIBRATION,cell.108,35,45,income.low,household.with-minor,GAMER,EVER_PAYER,1,1000
standardized.person.2024.kr.calibration,KR,CALIBRATION,cell.109,35,45,income.low,household.with-minor,GAMER,NEVER_PAYER,3,1000
standardized.person.2024.kr.calibration,KR,CALIBRATION,cell.110,35,45,income.low,household.with-minor,NON_GAMER,EVER_PAYER,1,10000
standardized.person.2024.kr.calibration,KR,CALIBRATION,cell.111,35,45,income.low,household.with-minor,NON_GAMER,NEVER_PAYER,3,1250
standardized.person.2024.kr.calibration,KR,CALIBRATION,cell.112,35,45,income.low,household.one-person,GAMER,EVER_PAYER,19,10000
standardized.person.2024.kr.calibration,KR,CALIBRATION,cell.113,35,45,income.low,household.one-person,GAMER,NEVER_PAYER,61,10000
standardized.person.2024.kr.calibration,KR,CALIBRATION,cell.114,35,45,income.low,household.one-person,NON_GAMER,EVER_PAYER,1,10000
standardized.person.2024.kr.calibration,KR,CALIBRATION,cell.115,35,45,income.low,household.one-person,NON_GAMER,NEVER_PAYER,3,625
standardized.person.2024.kr.calibration,KR,CALIBRATION,cell.116,35,45,income.low,household.multi-no-minor,GAMER,EVER_PAYER,17,5000
standardized.person.2024.kr.calibration,KR,CALIBRATION,cell.117,35,45,income.low,household.multi-no-minor,GAMER,NEVER_PAYER,109,10000
standardized.person.2024.kr.calibration,KR,CALIBRATION,cell.118,35,45,income.low,household.multi-no-minor,NON_GAMER,EVER_PAYER,3,10000
standardized.person.2024.kr.calibration,KR,CALIBRATION,cell.119,35,45,income.low,household.multi-no-minor,NON_GAMER,NEVER_PAYER,17,2000
standardized.person.2024.kr.calibration,KR,CALIBRATION,cell.120,35,45,income.middle,household.with-minor,GAMER,EVER_PAYER,33,10000
standardized.person.2024.kr.calibration,KR,CALIBRATION,cell.121,35,45,income.middle,household.with-minor,GAMER,NEVER_PAYER,37,5000
standardized.person.2024.kr.calibration,KR,CALIBRATION,cell.122,35,45,income.middle,household.with-minor,NON_GAMER,EVER_PAYER,3,10000
standardized.person.2024.kr.calibration,KR,CALIBRATION,cell.123,35,45,income.middle,household.with-minor,NON_GAMER,NEVER_PAYER,31,5000
standardized.person.2024.kr.calibration,KR,CALIBRATION,cell.124,35,45,income.middle,household.one-person,GAMER,EVER_PAYER,41,10000
standardized.person.2024.kr.calibration,KR,CALIBRATION,cell.125,35,45,income.middle,household.one-person,GAMER,NEVER_PAYER,23,2500
standardized.person.2024.kr.calibration,KR,CALIBRATION,cell.126,35,45,income.middle,household.one-person,NON_GAMER,EVER_PAYER,1,2500
standardized.person.2024.kr.calibration,KR,CALIBRATION,cell.127,35,45,income.middle,household.one-person,NON_GAMER,NEVER_PAYER,39,5000
standardized.person.2024.kr.calibration,KR,CALIBRATION,cell.128,35,45,income.middle,household.multi-no-minor,GAMER,EVER_PAYER,91,10000
standardized.person.2024.kr.calibration,KR,CALIBRATION,cell.129,35,45,income.middle,household.multi-no-minor,GAMER,NEVER_PAYER,101,5000
standardized.person.2024.kr.calibration,KR,CALIBRATION,cell.130,35,45,income.middle,household.multi-no-minor,NON_GAMER,EVER_PAYER,9,10000
standardized.person.2024.kr.calibration,KR,CALIBRATION,cell.131,35,45,income.middle,household.multi-no-minor,NON_GAMER,NEVER_PAYER,171,10000
standardized.person.2024.kr.calibration,KR,CALIBRATION,cell.132,35,45,income.high,household.with-minor,GAMER,EVER_PAYER,39,10000
standardized.person.2024.kr.calibration,KR,CALIBRATION,cell.133,35,45,income.high,household.with-minor,GAMER,NEVER_PAYER,63,10000
standardized.person.2024.kr.calibration,KR,CALIBRATION,cell.134,35,45,income.high,household.with-minor,NON_GAMER,EVER_PAYER,1,2500
standardized.person.2024.kr.calibration,KR,CALIBRATION,cell.135,35,45,income.high,household.with-minor,NON_GAMER,NEVER_PAYER,29,5000
standardized.person.2024.kr.calibration,KR,CALIBRATION,cell.136,35,45,income.high,household.one-person,GAMER,EVER_PAYER,9,2500
standardized.person.2024.kr.calibration,KR,CALIBRATION,cell.137,35,45,income.high,household.one-person,GAMER,NEVER_PAYER,3,500
standardized.person.2024.kr.calibration,KR,CALIBRATION,cell.138,35,45,income.high,household.one-person,NON_GAMER,EVER_PAYER,1,2500
standardized.person.2024.kr.calibration,KR,CALIBRATION,cell.139,35,45,income.high,household.one-person,NON_GAMER,NEVER_PAYER,11,2000
standardized.person.2024.kr.calibration,KR,CALIBRATION,cell.140,35,45,income.high,household.multi-no-minor,GAMER,EVER_PAYER,93,10000
standardized.person.2024.kr.calibration,KR,CALIBRATION,cell.141,35,45,income.high,household.multi-no-minor,GAMER,NEVER_PAYER,19,1250
standardized.person.2024.kr.calibration,KR,CALIBRATION,cell.142,35,45,income.high,household.multi-no-minor,NON_GAMER,EVER_PAYER,11,10000
standardized.person.2024.kr.calibration,KR,CALIBRATION,cell.143,35,45,income.high,household.multi-no-minor,NON_GAMER,NEVER_PAYER,7,500
standardized.person.2024.kr.calibration,KR,CALIBRATION,cell.144,45,55,income.low,household.with-minor,GAMER,EVER_PAYER,3,10000
standardized.person.2024.kr.calibration,KR,CALIBRATION,cell.145,45,55,income.low,household.with-minor,GAMER,NEVER_PAYER,1,1250
standardized.person.2024.kr.calibration,KR,CALIBRATION,cell.146,45,55,income.low,household.with-minor,NON_GAMER,EVER_PAYER,0,1
standardized.person.2024.kr.calibration,KR,CALIBRATION,cell.147,45,55,income.low,household.with-minor,NON_GAMER,NEVER_PAYER,1,1000
standardized.person.2024.kr.calibration,KR,CALIBRATION,cell.148,45,55,income.low,household.one-person,GAMER,EVER_PAYER,1,625
standardized.person.2024.kr.calibration,KR,CALIBRATION,cell.149,45,55,income.low,household.one-person,GAMER,NEVER_PAYER,1,200
standardized.person.2024.kr.calibration,KR,CALIBRATION,cell.150,45,55,income.low,household.one-person,NON_GAMER,EVER_PAYER,1,5000
standardized.person.2024.kr.calibration,KR,CALIBRATION,cell.151,45,55,income.low,household.one-person,NON_GAMER,NEVER_PAYER,63,10000
standardized.person.2024.kr.calibration,KR,CALIBRATION,cell.152,45,55,income.low,household.multi-no-minor,GAMER,EVER_PAYER,29,10000
standardized.person.2024.kr.calibration,KR,CALIBRATION,cell.153,45,55,income.low,household.multi-no-minor,GAMER,NEVER_PAYER,23,2500
standardized.person.2024.kr.calibration,KR,CALIBRATION,cell.154,45,55,income.low,household.multi-no-minor,NON_GAMER,EVER_PAYER,1,2500
standardized.person.2024.kr.calibration,KR,CALIBRATION,cell.155,45,55,income.low,household.multi-no-minor,NON_GAMER,NEVER_PAYER,59,5000
standardized.person.2024.kr.calibration,KR,CALIBRATION,cell.156,45,55,income.middle,household.with-minor,GAMER,EVER_PAYER,3,2500
standardized.person.2024.kr.calibration,KR,CALIBRATION,cell.157,45,55,income.middle,household.with-minor,GAMER,NEVER_PAYER,27,10000
standardized.person.2024.kr.calibration,KR,CALIBRATION,cell.158,45,55,income.middle,household.with-minor,NON_GAMER,EVER_PAYER,1,5000
standardized.person.2024.kr.calibration,KR,CALIBRATION,cell.159,45,55,income.middle,household.with-minor,NON_GAMER,NEVER_PAYER,37,10000
standardized.person.2024.kr.calibration,KR,CALIBRATION,cell.160,45,55,income.middle,household.one-person,GAMER,EVER_PAYER,1,250
standardized.person.2024.kr.calibration,KR,CALIBRATION,cell.161,45,55,income.middle,household.one-person,GAMER,NEVER_PAYER,9,1000
standardized.person.2024.kr.calibration,KR,CALIBRATION,cell.162,45,55,income.middle,household.one-person,NON_GAMER,EVER_PAYER,7,10000
standardized.person.2024.kr.calibration,KR,CALIBRATION,cell.163,45,55,income.middle,household.one-person,NON_GAMER,NEVER_PAYER,31,2500
standardized.person.2024.kr.calibration,KR,CALIBRATION,cell.164,45,55,income.middle,household.multi-no-minor,GAMER,EVER_PAYER,49,5000
standardized.person.2024.kr.calibration,KR,CALIBRATION,cell.165,45,55,income.middle,household.multi-no-minor,GAMER,NEVER_PAYER,217,10000
standardized.person.2024.kr.calibration,KR,CALIBRATION,cell.166,45,55,income.middle,household.multi-no-minor,NON_GAMER,EVER_PAYER,1,625
standardized.person.2024.kr.calibration,KR,CALIBRATION,cell.167,45,55,income.middle,household.multi-no-minor,NON_GAMER,NEVER_PAYER,299,10000
standardized.person.2024.kr.calibration,KR,CALIBRATION,cell.168,45,55,income.high,household.with-minor,GAMER,EVER_PAYER,3,2000
standardized.person.2024.kr.calibration,KR,CALIBRATION,cell.169,45,55,income.high,household.with-minor,GAMER,NEVER_PAYER,3,1250
standardized.person.2024.kr.calibration,KR,CALIBRATION,cell.170,45,55,income.high,household.with-minor,NON_GAMER,EVER_PAYER,3,10000
standardized.person.2024.kr.calibration,KR,CALIBRATION,cell.171,45,55,income.high,household.with-minor,NON_GAMER,NEVER_PAYER,9,2500
standardized.person.2024.kr.calibration,KR,CALIBRATION,cell.172,45,55,income.high,household.one-person,GAMER,EVER_PAYER,19,5000
standardized.person.2024.kr.calibration,KR,CALIBRATION,cell.173,45,55,income.high,household.one-person,GAMER,NEVER_PAYER,63,10000
standardized.person.2024.kr.calibration,KR,CALIBRATION,cell.174,45,55,income.high,household.one-person,NON_GAMER,EVER_PAYER,7,10000
standardized.person.2024.kr.calibration,KR,CALIBRATION,cell.175,45,55,income.high,household.one-person,NON_GAMER,NEVER_PAYER,47,5000
standardized.person.2024.kr.calibration,KR,CALIBRATION,cell.176,45,55,income.high,household.multi-no-minor,GAMER,EVER_PAYER,53,5000
standardized.person.2024.kr.calibration,KR,CALIBRATION,cell.177,45,55,income.high,household.multi-no-minor,GAMER,NEVER_PAYER,173,10000
standardized.person.2024.kr.calibration,KR,CALIBRATION,cell.178,45,55,income.high,household.multi-no-minor,NON_GAMER,EVER_PAYER,19,10000
standardized.person.2024.kr.calibration,KR,CALIBRATION,cell.179,45,55,income.high,household.multi-no-minor,NON_GAMER,NEVER_PAYER,259,10000
standardized.person.2024.kr.calibration,KR,CALIBRATION,cell.180,55,70,income.low,household.with-minor,GAMER,EVER_PAYER,0,1
standardized.person.2024.kr.calibration,KR,CALIBRATION,cell.181,55,70,income.low,household.with-minor,GAMER,NEVER_PAYER,1,10000
standardized.person.2024.kr.calibration,KR,CALIBRATION,cell.182,55,70,income.low,household.with-minor,NON_GAMER,EVER_PAYER,0,1
standardized.person.2024.kr.calibration,KR,CALIBRATION,cell.183,55,70,income.low,household.with-minor,NON_GAMER,NEVER_PAYER,1,5000
standardized.person.2024.kr.calibration,KR,CALIBRATION,cell.184,55,70,income.low,household.one-person,GAMER,EVER_PAYER,11,10000
standardized.person.2024.kr.calibration,KR,CALIBRATION,cell.185,55,70,income.low,household.one-person,GAMER,NEVER_PAYER,7,2000
standardized.person.2024.kr.calibration,KR,CALIBRATION,cell.186,55,70,income.low,household.one-person,NON_GAMER,EVER_PAYER,3,10000
standardized.person.2024.kr.calibration,KR,CALIBRATION,cell.187,55,70,income.low,household.one-person,NON_GAMER,NEVER_PAYER,41,5000
standardized.person.2024.kr.calibration,KR,CALIBRATION,cell.188,55,70,income.low,household.multi-no-minor,GAMER,EVER_PAYER,3,2500
standardized.person.2024.kr.calibration,KR,CALIBRATION,cell.189,55,70,income.low,household.multi-no-minor,GAMER,NEVER_PAYER,39,10000
standardized.person.2024.kr.calibration,KR,CALIBRATION,cell.190,55,70,income.low,household.multi-no-minor,NON_GAMER,EVER_PAYER,3,10000
standardized.person.2024.kr.calibration,KR,CALIBRATION,cell.191,55,70,income.low,household.multi-no-minor,NON_GAMER,NEVER_PAYER,93,10000
standardized.person.2024.kr.calibration,KR,CALIBRATION,cell.192,55,70,income.middle,household.with-minor,GAMER,EVER_PAYER,1,5000
standardized.person.2024.kr.calibration,KR,CALIBRATION,cell.193,55,70,income.middle,household.with-minor,GAMER,NEVER_PAYER,1,2500
standardized.person.2024.kr.calibration,KR,CALIBRATION,cell.194,55,70,income.middle,household.with-minor,NON_GAMER,EVER_PAYER,1,10000
standardized.person.2024.kr.calibration,KR,CALIBRATION,cell.195,55,70,income.middle,household.with-minor,NON_GAMER,NEVER_PAYER,11,10000
standardized.person.2024.kr.calibration,KR,CALIBRATION,cell.196,55,70,income.middle,household.one-person,GAMER,EVER_PAYER,7,2000
standardized.person.2024.kr.calibration,KR,CALIBRATION,cell.197,55,70,income.middle,household.one-person,GAMER,NEVER_PAYER,39,5000
standardized.person.2024.kr.calibration,KR,CALIBRATION,cell.198,55,70,income.middle,household.one-person,NON_GAMER,EVER_PAYER,11,10000
standardized.person.2024.kr.calibration,KR,CALIBRATION,cell.199,55,70,income.middle,household.one-person,NON_GAMER,NEVER_PAYER,201,10000
standardized.person.2024.kr.calibration,KR,CALIBRATION,cell.200,55,70,income.middle,household.multi-no-minor,GAMER,EVER_PAYER,7,1250
standardized.person.2024.kr.calibration,KR,CALIBRATION,cell.201,55,70,income.middle,household.multi-no-minor,GAMER,NEVER_PAYER,31,2500
standardized.person.2024.kr.calibration,KR,CALIBRATION,cell.202,55,70,income.middle,household.multi-no-minor,NON_GAMER,EVER_PAYER,17,10000
standardized.person.2024.kr.calibration,KR,CALIBRATION,cell.203,55,70,income.middle,household.multi-no-minor,NON_GAMER,NEVER_PAYER,317,10000
standardized.person.2024.kr.calibration,KR,CALIBRATION,cell.204,55,70,income.high,household.with-minor,GAMER,EVER_PAYER,1,5000
standardized.person.2024.kr.calibration,KR,CALIBRATION,cell.205,55,70,income.high,household.with-minor,GAMER,NEVER_PAYER,1,2500
standardized.person.2024.kr.calibration,KR,CALIBRATION,cell.206,55,70,income.high,household.with-minor,NON_GAMER,EVER_PAYER,1,10000
standardized.person.2024.kr.calibration,KR,CALIBRATION,cell.207,55,70,income.high,household.with-minor,NON_GAMER,NEVER_PAYER,11,10000
standardized.person.2024.kr.calibration,KR,CALIBRATION,cell.208,55,70,income.high,household.one-person,GAMER,EVER_PAYER,9,2500
standardized.person.2024.kr.calibration,KR,CALIBRATION,cell.209,55,70,income.high,household.one-person,GAMER,NEVER_PAYER,29,5000
standardized.person.2024.kr.calibration,KR,CALIBRATION,cell.210,55,70,income.high,household.one-person,NON_GAMER,EVER_PAYER,3,2500
standardized.person.2024.kr.calibration,KR,CALIBRATION,cell.211,55,70,income.high,household.one-person,NON_GAMER,NEVER_PAYER,161,10000
standardized.person.2024.kr.calibration,KR,CALIBRATION,cell.212,55,70,income.high,household.multi-no-minor,GAMER,EVER_PAYER,4,625
standardized.person.2024.kr.calibration,KR,CALIBRATION,cell.213,55,70,income.high,household.multi-no-minor,GAMER,NEVER_PAYER,13,1250
standardized.person.2024.kr.calibration,KR,CALIBRATION,cell.214,55,70,income.high,household.multi-no-minor,NON_GAMER,EVER_PAYER,11,5000
standardized.person.2024.kr.calibration,KR,CALIBRATION,cell.215,55,70,income.high,household.multi-no-minor,NON_GAMER,NEVER_PAYER,289,10000
standardized.person.2024.kr.validation,KR,VALIDATION,cell.000,10,18,income.low,household.with-minor,GAMER,EVER_PAYER,53,10000
standardized.person.2024.kr.validation,KR,VALIDATION,cell.001,10,18,income.low,household.with-minor,GAMER,NEVER_PAYER,9,625
standardized.person.2024.kr.validation,KR,VALIDATION,cell.002,10,18,income.low,household.with-minor,NON_GAMER,EVER_PAYER,3,10000
standardized.person.2024.kr.validation,KR,VALIDATION,cell.003,10,18,income.low,household.with-minor,NON_GAMER,NEVER_PAYER,13,2500
standardized.person.2024.kr.validation,KR,VALIDATION,cell.004,10,18,income.low,household.one-person,GAMER,EVER_PAYER,0,1
standardized.person.2024.kr.validation,KR,VALIDATION,cell.005,10,18,income.low,household.one-person,GAMER,NEVER_PAYER,0,1
standardized.person.2024.kr.validation,KR,VALIDATION,cell.006,10,18,income.low,household.one-person,NON_GAMER,EVER_PAYER,0,1
standardized.person.2024.kr.validation,KR,VALIDATION,cell.007,10,18,income.low,household.one-person,NON_GAMER,NEVER_PAYER,0,1
standardized.person.2024.kr.validation,KR,VALIDATION,cell.008,10,18,income.low,household.multi-no-minor,GAMER,EVER_PAYER,0,1
standardized.person.2024.kr.validation,KR,VALIDATION,cell.009,10,18,income.low,household.multi-no-minor,GAMER,NEVER_PAYER,0,1
standardized.person.2024.kr.validation,KR,VALIDATION,cell.010,10,18,income.low,household.multi-no-minor,NON_GAMER,EVER_PAYER,0,1
standardized.person.2024.kr.validation,KR,VALIDATION,cell.011,10,18,income.low,household.multi-no-minor,NON_GAMER,NEVER_PAYER,0,1
standardized.person.2024.kr.validation,KR,VALIDATION,cell.012,10,18,income.middle,household.with-minor,GAMER,EVER_PAYER,19,2000
standardized.person.2024.kr.validation,KR,VALIDATION,cell.013,10,18,income.middle,household.with-minor,GAMER,NEVER_PAYER,37,2000
standardized.person.2024.kr.validation,KR,VALIDATION,cell.014,10,18,income.middle,household.with-minor,NON_GAMER,EVER_PAYER,3,5000
standardized.person.2024.kr.validation,KR,VALIDATION,cell.015,10,18,income.middle,household.with-minor,NON_GAMER,NEVER_PAYER,73,10000
standardized.person.2024.kr.validation,KR,VALIDATION,cell.016,10,18,income.middle,household.one-person,GAMER,EVER_PAYER,0,1
standardized.person.2024.kr.validation,KR,VALIDATION,cell.017,10,18,income.middle,household.one-person,GAMER,NEVER_PAYER,0,1
standardized.person.2024.kr.validation,KR,VALIDATION,cell.018,10,18,income.middle,household.one-person,NON_GAMER,EVER_PAYER,0,1
standardized.person.2024.kr.validation,KR,VALIDATION,cell.019,10,18,income.middle,household.one-person,NON_GAMER,NEVER_PAYER,0,1
standardized.person.2024.kr.validation,KR,VALIDATION,cell.020,10,18,income.middle,household.multi-no-minor,GAMER,EVER_PAYER,0,1
standardized.person.2024.kr.validation,KR,VALIDATION,cell.021,10,18,income.middle,household.multi-no-minor,GAMER,NEVER_PAYER,0,1
standardized.person.2024.kr.validation,KR,VALIDATION,cell.022,10,18,income.middle,household.multi-no-minor,NON_GAMER,EVER_PAYER,0,1
standardized.person.2024.kr.validation,KR,VALIDATION,cell.023,10,18,income.middle,household.multi-no-minor,NON_GAMER,NEVER_PAYER,0,1
standardized.person.2024.kr.validation,KR,VALIDATION,cell.024,10,18,income.high,household.with-minor,GAMER,EVER_PAYER,23,2500
standardized.person.2024.kr.validation,KR,VALIDATION,cell.025,10,18,income.high,household.with-minor,GAMER,NEVER_PAYER,133,10000
standardized.person.2024.kr.validation,KR,VALIDATION,cell.026,10,18,income.high,household.with-minor,NON_GAMER,EVER_PAYER,3,5000
standardized.person.2024.kr.validation,KR,VALIDATION,cell.027,10,18,income.high,household.with-minor,NON_GAMER,NEVER_PAYER,57,10000
standardized.person.2024.kr.validation,KR,VALIDATION,cell.028,10,18,income.high,household.one-person,GAMER,EVER_PAYER,0,1
standardized.person.2024.kr.validation,KR,VALIDATION,cell.029,10,18,income.high,household.one-person,GAMER,NEVER_PAYER,0,1
standardized.person.2024.kr.validation,KR,VALIDATION,cell.030,10,18,income.high,household.one-person,NON_GAMER,EVER_PAYER,0,1
standardized.person.2024.kr.validation,KR,VALIDATION,cell.031,10,18,income.high,household.one-person,NON_GAMER,NEVER_PAYER,0,1
standardized.person.2024.kr.validation,KR,VALIDATION,cell.032,10,18,income.high,household.multi-no-minor,GAMER,EVER_PAYER,0,1
standardized.person.2024.kr.validation,KR,VALIDATION,cell.033,10,18,income.high,household.multi-no-minor,GAMER,NEVER_PAYER,0,1
standardized.person.2024.kr.validation,KR,VALIDATION,cell.034,10,18,income.high,household.multi-no-minor,NON_GAMER,EVER_PAYER,0,1
standardized.person.2024.kr.validation,KR,VALIDATION,cell.035,10,18,income.high,household.multi-no-minor,NON_GAMER,NEVER_PAYER,0,1
standardized.person.2024.kr.validation,KR,VALIDATION,cell.036,18,25,income.low,household.with-minor,GAMER,EVER_PAYER,1,2000
standardized.person.2024.kr.validation,KR,VALIDATION,cell.037,18,25,income.low,household.with-minor,GAMER,NEVER_PAYER,1,625
standardized.person.2024.kr.validation,KR,VALIDATION,cell.038,18,25,income.low,household.with-minor,NON_GAMER,EVER_PAYER,0,1
standardized.person.2024.kr.validation,KR,VALIDATION,cell.039,18,25,income.low,household.with-minor,NON_GAMER,NEVER_PAYER,7,10000
standardized.person.2024.kr.validation,KR,VALIDATION,cell.040,18,25,income.low,household.one-person,GAMER,EVER_PAYER,17,5000
standardized.person.2024.kr.validation,KR,VALIDATION,cell.041,18,25,income.low,household.one-person,GAMER,NEVER_PAYER,51,5000
standardized.person.2024.kr.validation,KR,VALIDATION,cell.042,18,25,income.low,household.one-person,NON_GAMER,EVER_PAYER,1,5000
standardized.person.2024.kr.validation,KR,VALIDATION,cell.043,18,25,income.low,household.one-person,NON_GAMER,NEVER_PAYER,9,2000
standardized.person.2024.kr.validation,KR,VALIDATION,cell.044,18,25,income.low,household.multi-no-minor,GAMER,EVER_PAYER,29,10000
standardized.person.2024.kr.validation,KR,VALIDATION,cell.045,18,25,income.low,household.multi-no-minor,GAMER,NEVER_PAYER,87,10000
standardized.person.2024.kr.validation,KR,VALIDATION,cell.046,18,25,income.low,household.multi-no-minor,NON_GAMER,EVER_PAYER,1,5000
standardized.person.2024.kr.validation,KR,VALIDATION,cell.047,18,25,income.low,household.multi-no-minor,NON_GAMER,NEVER_PAYER,39,10000
standardized.person.2024.kr.validation,KR,VALIDATION,cell.048,18,25,income.middle,household.with-minor,GAMER,EVER_PAYER,3,2500
standardized.person.2024.kr.validation,KR,VALIDATION,cell.049,18,25,income.middle,household.with-minor,GAMER,NEVER_PAYER,1,400
standardized.person.2024.kr.validation,KR,VALIDATION,cell.050,18,25,income.middle,household.with-minor,NON_GAMER,EVER_PAYER,1,10000
standardized.person.2024.kr.validation,KR,VALIDATION,cell.051,18,25,income.middle,household.with-minor,NON_GAMER,NEVER_PAYER,3,2500
standardized.person.2024.kr.validation,KR,VALIDATION,cell.052,18,25,income.middle,household.one-person,GAMER,EVER_PAYER,13,2500
standardized.person.2024.kr.validation,KR,VALIDATION,cell.053,18,25,income.middle,household.one-person,GAMER,NEVER_PAYER,111,10000
standardized.person.2024.kr.validation,KR,VALIDATION,cell.054,18,25,income.middle,household.one-person,NON_GAMER,EVER_PAYER,1,2500
standardized.person.2024.kr.validation,KR,VALIDATION,cell.055,18,25,income.middle,household.one-person,NON_GAMER,NEVER_PAYER,27,5000
standardized.person.2024.kr.validation,KR,VALIDATION,cell.056,18,25,income.middle,household.multi-no-minor,GAMER,EVER_PAYER,13,2500
standardized.person.2024.kr.validation,KR,VALIDATION,cell.057,18,25,income.middle,household.multi-no-minor,GAMER,NEVER_PAYER,111,10000
standardized.person.2024.kr.validation,KR,VALIDATION,cell.058,18,25,income.middle,household.multi-no-minor,NON_GAMER,EVER_PAYER,1,2500
standardized.person.2024.kr.validation,KR,VALIDATION,cell.059,18,25,income.middle,household.multi-no-minor,NON_GAMER,NEVER_PAYER,27,5000
standardized.person.2024.kr.validation,KR,VALIDATION,cell.060,18,25,income.high,household.with-minor,GAMER,EVER_PAYER,3,2500
standardized.person.2024.kr.validation,KR,VALIDATION,cell.061,18,25,income.high,household.with-minor,GAMER,NEVER_PAYER,19,10000
standardized.person.2024.kr.validation,KR,VALIDATION,cell.062,18,25,income.high,household.with-minor,NON_GAMER,EVER_PAYER,1,10000
standardized.person.2024.kr.validation,KR,VALIDATION,cell.063,18,25,income.high,household.with-minor,NON_GAMER,NEVER_PAYER,1,1000
standardized.person.2024.kr.validation,KR,VALIDATION,cell.064,18,25,income.high,household.one-person,GAMER,EVER_PAYER,39,10000
standardized.person.2024.kr.validation,KR,VALIDATION,cell.065,18,25,income.high,household.one-person,GAMER,NEVER_PAYER,61,10000
standardized.person.2024.kr.validation,KR,VALIDATION,cell.066,18,25,income.high,household.one-person,NON_GAMER,EVER_PAYER,3,10000
standardized.person.2024.kr.validation,KR,VALIDATION,cell.067,18,25,income.high,household.one-person,NON_GAMER,NEVER_PAYER,2,625
standardized.person.2024.kr.validation,KR,VALIDATION,cell.068,18,25,income.high,household.multi-no-minor,GAMER,EVER_PAYER,47,10000
standardized.person.2024.kr.validation,KR,VALIDATION,cell.069,18,25,income.high,household.multi-no-minor,GAMER,NEVER_PAYER,73,10000
standardized.person.2024.kr.validation,KR,VALIDATION,cell.070,18,25,income.high,household.multi-no-minor,NON_GAMER,EVER_PAYER,1,2500
standardized.person.2024.kr.validation,KR,VALIDATION,cell.071,18,25,income.high,household.multi-no-minor,NON_GAMER,NEVER_PAYER,19,5000
standardized.person.2024.kr.validation,KR,VALIDATION,cell.072,25,35,income.low,household.with-minor,GAMER,EVER_PAYER,1,1250
standardized.person.2024.kr.validation,KR,VALIDATION,cell.073,25,35,income.low,household.with-minor,GAMER,NEVER_PAYER,7,2500
standardized.person.2024.kr.validation,KR,VALIDATION,cell.074,25,35,income.low,household.with-minor,NON_GAMER,EVER_PAYER,1,10000
standardized.person.2024.kr.validation,KR,VALIDATION,cell.075,25,35,income.low,household.with-minor,NON_GAMER,NEVER_PAYER,17,10000
standardized.person.2024.kr.validation,KR,VALIDATION,cell.076,25,35,income.low,household.one-person,GAMER,EVER_PAYER,29,10000
standardized.person.2024.kr.validation,KR,VALIDATION,cell.077,25,35,income.low,household.one-person,GAMER,NEVER_PAYER,49,5000
standardized.person.2024.kr.validation,KR,VALIDATION,cell.078,25,35,income.low,household.one-person,NON_GAMER,EVER_PAYER,3,10000
standardized.person.2024.kr.validation,KR,VALIDATION,cell.079,25,35,income.low,household.one-person,NON_GAMER,NEVER_PAYER,3,500
standardized.person.2024.kr.validation,KR,VALIDATION,cell.080,25,35,income.low,household.multi-no-minor,GAMER,EVER_PAYER,7,2000
standardized.person.2024.kr.validation,KR,VALIDATION,cell.081,25,35,income.low,household.multi-no-minor,GAMER,NEVER_PAYER,29,2500
standardized.person.2024.kr.validation,KR,VALIDATION,cell.082,25,35,income.low,household.multi-no-minor,NON_GAMER,EVER_PAYER,3,10000
standardized.person.2024.kr.validation,KR,VALIDATION,cell.083,25,35,income.low,household.multi-no-minor,NON_GAMER,NEVER_PAYER,71,10000
standardized.person.2024.kr.validation,KR,VALIDATION,cell.084,25,35,income.middle,household.with-minor,GAMER,EVER_PAYER,23,10000
standardized.person.2024.kr.validation,KR,VALIDATION,cell.085,25,35,income.middle,household.with-minor,GAMER,NEVER_PAYER,53,10000
standardized.person.2024.kr.validation,KR,VALIDATION,cell.086,25,35,income.middle,household.with-minor,NON_GAMER,EVER_PAYER,1,5000
standardized.person.2024.kr.validation,KR,VALIDATION,cell.087,25,35,income.middle,household.with-minor,NON_GAMER,NEVER_PAYER,7,2000
standardized.person.2024.kr.validation,KR,VALIDATION,cell.088,25,35,income.middle,household.one-person,GAMER,EVER_PAYER,53,10000
standardized.person.2024.kr.validation,KR,VALIDATION,cell.089,25,35,income.middle,household.one-person,GAMER,NEVER_PAYER,31,2500
standardized.person.2024.kr.validation,KR,VALIDATION,cell.090,25,35,income.middle,household.one-person,NON_GAMER,EVER_PAYER,1,2000
standardized.person.2024.kr.validation,KR,VALIDATION,cell.091,25,35,income.middle,household.one-person,NON_GAMER,NEVER_PAYER,41,5000
standardized.person.2024.kr.validation,KR,VALIDATION,cell.092,25,35,income.middle,household.multi-no-minor,GAMER,EVER_PAYER,19,2500
standardized.person.2024.kr.validation,KR,VALIDATION,cell.093,25,35,income.middle,household.multi-no-minor,GAMER,NEVER_PAYER,177,10000
standardized.person.2024.kr.validation,KR,VALIDATION,cell.094,25,35,income.middle,household.multi-no-minor,NON_GAMER,EVER_PAYER,1,1250
standardized.person.2024.kr.validation,KR,VALIDATION,cell.095,25,35,income.middle,household.multi-no-minor,NON_GAMER,NEVER_PAYER,117,10000
standardized.person.2024.kr.validation,KR,VALIDATION,cell.096,25,35,income.high,household.with-minor,GAMER,EVER_PAYER,1,400
standardized.person.2024.kr.validation,KR,VALIDATION,cell.097,25,35,income.high,household.with-minor,GAMER,NEVER_PAYER,43,10000
standardized.person.2024.kr.validation,KR,VALIDATION,cell.098,25,35,income.high,household.with-minor,NON_GAMER,EVER_PAYER,3,10000
standardized.person.2024.kr.validation,KR,VALIDATION,cell.099,25,35,income.high,household.with-minor,NON_GAMER,NEVER_PAYER,31,10000
standardized.person.2024.kr.validation,KR,VALIDATION,cell.100,25,35,income.high,household.one-person,GAMER,EVER_PAYER,11,2500
standardized.person.2024.kr.validation,KR,VALIDATION,cell.101,25,35,income.high,household.one-person,GAMER,NEVER_PAYER,37,5000
standardized.person.2024.kr.validation,KR,VALIDATION,cell.102,25,35,income.high,household.one-person,NON_GAMER,EVER_PAYER,1,2000
standardized.person.2024.kr.validation,KR,VALIDATION,cell.103,25,35,income.high,household.one-person,NON_GAMER,NEVER_PAYER,27,5000
standardized.person.2024.kr.validation,KR,VALIDATION,cell.104,25,35,income.high,household.multi-no-minor,GAMER,EVER_PAYER,37,5000
standardized.person.2024.kr.validation,KR,VALIDATION,cell.105,25,35,income.high,household.multi-no-minor,GAMER,NEVER_PAYER,1,80
standardized.person.2024.kr.validation,KR,VALIDATION,cell.106,25,35,income.high,household.multi-no-minor,NON_GAMER,EVER_PAYER,1,1250
standardized.person.2024.kr.validation,KR,VALIDATION,cell.107,25,35,income.high,household.multi-no-minor,NON_GAMER,NEVER_PAYER,9,1000
standardized.person.2024.kr.validation,KR,VALIDATION,cell.108,35,45,income.low,household.with-minor,GAMER,EVER_PAYER,1,1250
standardized.person.2024.kr.validation,KR,VALIDATION,cell.109,35,45,income.low,household.with-minor,GAMER,NEVER_PAYER,29,10000
standardized.person.2024.kr.validation,KR,VALIDATION,cell.110,35,45,income.low,household.with-minor,NON_GAMER,EVER_PAYER,1,10000
standardized.person.2024.kr.validation,KR,VALIDATION,cell.111,35,45,income.low,household.with-minor,NON_GAMER,NEVER_PAYER,13,5000
standardized.person.2024.kr.validation,KR,VALIDATION,cell.112,35,45,income.low,household.one-person,GAMER,EVER_PAYER,1,625
standardized.person.2024.kr.validation,KR,VALIDATION,cell.113,35,45,income.low,household.one-person,GAMER,NEVER_PAYER,3,500
standardized.person.2024.kr.validation,KR,VALIDATION,cell.114,35,45,income.low,household.one-person,NON_GAMER,EVER_PAYER,1,5000
standardized.person.2024.kr.validation,KR,VALIDATION,cell.115,35,45,income.low,household.one-person,NON_GAMER,NEVER_PAYER,13,2500
standardized.person.2024.kr.validation,KR,VALIDATION,cell.116,35,45,income.low,household.multi-no-minor,GAMER,EVER_PAYER,7,2500
standardized.person.2024.kr.validation,KR,VALIDATION,cell.117,35,45,income.low,household.multi-no-minor,GAMER,NEVER_PAYER,53,5000
standardized.person.2024.kr.validation,KR,VALIDATION,cell.118,35,45,income.low,household.multi-no-minor,NON_GAMER,EVER_PAYER,1,2500
standardized.person.2024.kr.validation,KR,VALIDATION,cell.119,35,45,income.low,household.multi-no-minor,NON_GAMER,NEVER_PAYER,93,10000
standardized.person.2024.kr.validation,KR,VALIDATION,cell.120,35,45,income.middle,household.with-minor,GAMER,EVER_PAYER,7,2500
standardized.person.2024.kr.validation,KR,VALIDATION,cell.121,35,45,income.middle,household.with-minor,GAMER,NEVER_PAYER,9,1250
standardized.person.2024.kr.validation,KR,VALIDATION,cell.122,35,45,income.middle,household.with-minor,NON_GAMER,EVER_PAYER,1,2500
standardized.person.2024.kr.validation,KR,VALIDATION,cell.123,35,45,income.middle,household.with-minor,NON_GAMER,NEVER_PAYER,17,2500
standardized.person.2024.kr.validation,KR,VALIDATION,cell.124,35,45,income.middle,household.one-person,GAMER,EVER_PAYER,7,2000
standardized.person.2024.kr.validation,KR,VALIDATION,cell.125,35,45,income.middle,household.one-person,GAMER,NEVER_PAYER,9,1000
standardized.person.2024.kr.validation,KR,VALIDATION,cell.126,35,45,income.middle,household.one-person,NON_GAMER,EVER_PAYER,1,2000
standardized.person.2024.kr.validation,KR,VALIDATION,cell.127,35,45,income.middle,household.one-person,NON_GAMER,NEVER_PAYER,17,2000
standardized.person.2024.kr.validation,KR,VALIDATION,cell.128,35,45,income.middle,household.multi-no-minor,GAMER,EVER_PAYER,77,10000
standardized.person.2024.kr.validation,KR,VALIDATION,cell.129,35,45,income.middle,household.multi-no-minor,GAMER,NEVER_PAYER,99,5000
standardized.person.2024.kr.validation,KR,VALIDATION,cell.130,35,45,income.middle,household.multi-no-minor,NON_GAMER,EVER_PAYER,3,2500
standardized.person.2024.kr.validation,KR,VALIDATION,cell.131,35,45,income.middle,household.multi-no-minor,NON_GAMER,NEVER_PAYER,187,10000
standardized.person.2024.kr.validation,KR,VALIDATION,cell.132,35,45,income.high,household.with-minor,GAMER,EVER_PAYER,33,10000
standardized.person.2024.kr.validation,KR,VALIDATION,cell.133,35,45,income.high,household.with-minor,GAMER,NEVER_PAYER,31,5000
standardized.person.2024.kr.validation,KR,VALIDATION,cell.134,35,45,income.high,household.with-minor,NON_GAMER,EVER_PAYER,3,5000
standardized.person.2024.kr.validation,KR,VALIDATION,cell.135,35,45,income.high,household.with-minor,NON_GAMER,NEVER_PAYER,63,10000
standardized.person.2024.kr.validation,KR,VALIDATION,cell.136,35,45,income.high,household.one-person,GAMER,EVER_PAYER,31,10000
standardized.person.2024.kr.validation,KR,VALIDATION,cell.137,35,45,income.high,household.one-person,GAMER,NEVER_PAYER,29,5000
standardized.person.2024.kr.validation,KR,VALIDATION,cell.138,35,45,income.high,household.one-person,NON_GAMER,EVER_PAYER,1,2000
standardized.person.2024.kr.validation,KR,VALIDATION,cell.139,35,45,income.high,household.one-person,NON_GAMER,NEVER_PAYER,3,500
standardized.person.2024.kr.validation,KR,VALIDATION,cell.140,35,45,income.high,household.multi-no-minor,GAMER,EVER_PAYER,1,125
standardized.person.2024.kr.validation,KR,VALIDATION,cell.141,35,45,income.high,household.multi-no-minor,GAMER,NEVER_PAYER,149,10000
standardized.person.2024.kr.validation,KR,VALIDATION,cell.142,35,45,income.high,household.multi-no-minor,NON_GAMER,EVER_PAYER,13,10000
standardized.person.2024.kr.validation,KR,VALIDATION,cell.143,35,45,income.high,household.multi-no-minor,NON_GAMER,NEVER_PAYER,153,10000
standardized.person.2024.kr.validation,KR,VALIDATION,cell.144,45,55,income.low,household.with-minor,GAMER,EVER_PAYER,1,5000
standardized.person.2024.kr.validation,KR,VALIDATION,cell.145,45,55,income.low,household.with-minor,GAMER,NEVER_PAYER,1,1250
standardized.person.2024.kr.validation,KR,VALIDATION,cell.146,45,55,income.low,household.with-minor,NON_GAMER,EVER_PAYER,0,1
standardized.person.2024.kr.validation,KR,VALIDATION,cell.147,45,55,income.low,household.with-minor,NON_GAMER,NEVER_PAYER,11,10000
standardized.person.2024.kr.validation,KR,VALIDATION,cell.148,45,55,income.low,household.one-person,GAMER,EVER_PAYER,13,10000
standardized.person.2024.kr.validation,KR,VALIDATION,cell.149,45,55,income.low,household.one-person,GAMER,NEVER_PAYER,3,625
standardized.person.2024.kr.validation,KR,VALIDATION,cell.150,45,55,income.low,household.one-person,NON_GAMER,EVER_PAYER,3,10000
standardized.person.2024.kr.validation,KR,VALIDATION,cell.151,45,55,income.low,household.one-person,NON_GAMER,NEVER_PAYER,17,2500
standardized.person.2024.kr.validation,KR,VALIDATION,cell.152,45,55,income.low,household.multi-no-minor,GAMER,EVER_PAYER,3,1250
standardized.person.2024.kr.validation,KR,VALIDATION,cell.153,45,55,income.low,household.multi-no-minor,GAMER,NEVER_PAYER,11,1250
standardized.person.2024.kr.validation,KR,VALIDATION,cell.154,45,55,income.low,household.multi-no-minor,NON_GAMER,EVER_PAYER,1,2000
standardized.person.2024.kr.validation,KR,VALIDATION,cell.155,45,55,income.low,household.multi-no-minor,NON_GAMER,NEVER_PAYER,63,5000
standardized.person.2024.kr.validation,KR,VALIDATION,cell.156,45,55,income.middle,household.with-minor,GAMER,EVER_PAYER,1,1000
standardized.person.2024.kr.validation,KR,VALIDATION,cell.157,45,55,income.middle,household.with-minor,GAMER,NEVER_PAYER,13,5000
standardized.person.2024.kr.validation,KR,VALIDATION,cell.158,45,55,income.middle,household.with-minor,NON_GAMER,EVER_PAYER,3,10000
standardized.person.2024.kr.validation,KR,VALIDATION,cell.159,45,55,income.middle,household.with-minor,NON_GAMER,NEVER_PAYER,39,10000
standardized.person.2024.kr.validation,KR,VALIDATION,cell.160,45,55,income.middle,household.one-person,GAMER,EVER_PAYER,17,5000
standardized.person.2024.kr.validation,KR,VALIDATION,cell.161,45,55,income.middle,household.one-person,GAMER,NEVER_PAYER,87,10000
standardized.person.2024.kr.validation,KR,VALIDATION,cell.162,45,55,income.middle,household.one-person,NON_GAMER,EVER_PAYER,1,1250
standardized.person.2024.kr.validation,KR,VALIDATION,cell.163,45,55,income.middle,household.one-person,NON_GAMER,NEVER_PAYER,133,10000
standardized.person.2024.kr.validation,KR,VALIDATION,cell.164,45,55,income.middle,household.multi-no-minor,GAMER,EVER_PAYER,81,10000
standardized.person.2024.kr.validation,KR,VALIDATION,cell.165,45,55,income.middle,household.multi-no-minor,GAMER,NEVER_PAYER,13,625
standardized.person.2024.kr.validation,KR,VALIDATION,cell.166,45,55,income.middle,household.multi-no-minor,NON_GAMER,EVER_PAYER,1,500
standardized.person.2024.kr.validation,KR,VALIDATION,cell.167,45,55,income.middle,household.multi-no-minor,NON_GAMER,NEVER_PAYER,319,10000
standardized.person.2024.kr.validation,KR,VALIDATION,cell.168,45,55,income.high,household.with-minor,GAMER,EVER_PAYER,3,2500
standardized.person.2024.kr.validation,KR,VALIDATION,cell.169,45,55,income.high,household.with-minor,GAMER,NEVER_PAYER,23,10000
standardized.person.2024.kr.validation,KR,VALIDATION,cell.170,45,55,income.high,household.with-minor,NON_GAMER,EVER_PAYER,3,10000
standardized.person.2024.kr.validation,KR,VALIDATION,cell.171,45,55,income.high,household.with-minor,NON_GAMER,NEVER_PAYER,19,5000
standardized.person.2024.kr.validation,KR,VALIDATION,cell.172,45,55,income.high,household.one-person,GAMER,EVER_PAYER,33,10000
standardized.person.2024.kr.validation,KR,VALIDATION,cell.173,45,55,income.high,household.one-person,GAMER,NEVER_PAYER,3,500
standardized.person.2024.kr.validation,KR,VALIDATION,cell.174,45,55,income.high,household.one-person,NON_GAMER,EVER_PAYER,9,10000
standardized.person.2024.kr.validation,KR,VALIDATION,cell.175,45,55,income.high,household.one-person,NON_GAMER,NEVER_PAYER,1,100
standardized.person.2024.kr.validation,KR,VALIDATION,cell.176,45,55,income.high,household.multi-no-minor,GAMER,EVER_PAYER,9,1000
standardized.person.2024.kr.validation,KR,VALIDATION,cell.177,45,55,income.high,household.multi-no-minor,GAMER,NEVER_PAYER,167,10000
standardized.person.2024.kr.validation,KR,VALIDATION,cell.178,45,55,income.high,household.multi-no-minor,NON_GAMER,EVER_PAYER,3,1250
standardized.person.2024.kr.validation,KR,VALIDATION,cell.179,45,55,income.high,household.multi-no-minor,NON_GAMER,NEVER_PAYER,277,10000
standardized.person.2024.kr.validation,KR,VALIDATION,cell.180,55,70,income.low,household.with-minor,GAMER,EVER_PAYER,0,1
standardized.person.2024.kr.validation,KR,VALIDATION,cell.181,55,70,income.low,household.with-minor,GAMER,NEVER_PAYER,1,10000
standardized.person.2024.kr.validation,KR,VALIDATION,cell.182,55,70,income.low,household.with-minor,NON_GAMER,EVER_PAYER,0,1
standardized.person.2024.kr.validation,KR,VALIDATION,cell.183,55,70,income.low,household.with-minor,NON_GAMER,NEVER_PAYER,1,5000
standardized.person.2024.kr.validation,KR,VALIDATION,cell.184,55,70,income.low,household.one-person,GAMER,EVER_PAYER,1,1250
standardized.person.2024.kr.validation,KR,VALIDATION,cell.185,55,70,income.low,household.one-person,GAMER,NEVER_PAYER,2,625
standardized.person.2024.kr.validation,KR,VALIDATION,cell.186,55,70,income.low,household.one-person,NON_GAMER,EVER_PAYER,1,2500
standardized.person.2024.kr.validation,KR,VALIDATION,cell.187,55,70,income.low,household.one-person,NON_GAMER,NEVER_PAYER,43,5000
standardized.person.2024.kr.validation,KR,VALIDATION,cell.188,55,70,income.low,household.multi-no-minor,GAMER,EVER_PAYER,1,1000
standardized.person.2024.kr.validation,KR,VALIDATION,cell.189,55,70,income.low,household.multi-no-minor,GAMER,NEVER_PAYER,9,2500
standardized.person.2024.kr.validation,KR,VALIDATION,cell.190,55,70,income.low,household.multi-no-minor,NON_GAMER,EVER_PAYER,1,2500
standardized.person.2024.kr.validation,KR,VALIDATION,cell.191,55,70,income.low,household.multi-no-minor,NON_GAMER,NEVER_PAYER,49,5000
standardized.person.2024.kr.validation,KR,VALIDATION,cell.192,55,70,income.middle,household.with-minor,GAMER,EVER_PAYER,1,5000
standardized.person.2024.kr.validation,KR,VALIDATION,cell.193,55,70,income.middle,household.with-minor,GAMER,NEVER_PAYER,1,2500
standardized.person.2024.kr.validation,KR,VALIDATION,cell.194,55,70,income.middle,household.with-minor,NON_GAMER,EVER_PAYER,1,10000
standardized.person.2024.kr.validation,KR,VALIDATION,cell.195,55,70,income.middle,household.with-minor,NON_GAMER,NEVER_PAYER,11,10000
standardized.person.2024.kr.validation,KR,VALIDATION,cell.196,55,70,income.middle,household.one-person,GAMER,EVER_PAYER,7,2500
standardized.person.2024.kr.validation,KR,VALIDATION,cell.197,55,70,income.middle,household.one-person,GAMER,NEVER_PAYER,73,10000
standardized.person.2024.kr.validation,KR,VALIDATION,cell.198,55,70,income.middle,household.one-person,NON_GAMER,EVER_PAYER,13,10000
standardized.person.2024.kr.validation,KR,VALIDATION,cell.199,55,70,income.middle,household.one-person,NON_GAMER,NEVER_PAYER,211,10000
standardized.person.2024.kr.validation,KR,VALIDATION,cell.200,55,70,income.middle,household.multi-no-minor,GAMER,EVER_PAYER,9,2000
standardized.person.2024.kr.validation,KR,VALIDATION,cell.201,55,70,income.middle,household.multi-no-minor,GAMER,NEVER_PAYER,23,2000
standardized.person.2024.kr.validation,KR,VALIDATION,cell.202,55,70,income.middle,household.multi-no-minor,NON_GAMER,EVER_PAYER,21,10000
standardized.person.2024.kr.validation,KR,VALIDATION,cell.203,55,70,income.middle,household.multi-no-minor,NON_GAMER,NEVER_PAYER,333,10000
standardized.person.2024.kr.validation,KR,VALIDATION,cell.204,55,70,income.high,household.with-minor,GAMER,EVER_PAYER,1,5000
standardized.person.2024.kr.validation,KR,VALIDATION,cell.205,55,70,income.high,household.with-minor,GAMER,NEVER_PAYER,1,2500
standardized.person.2024.kr.validation,KR,VALIDATION,cell.206,55,70,income.high,household.with-minor,NON_GAMER,EVER_PAYER,1,10000
standardized.person.2024.kr.validation,KR,VALIDATION,cell.207,55,70,income.high,household.with-minor,NON_GAMER,NEVER_PAYER,11,10000
standardized.person.2024.kr.validation,KR,VALIDATION,cell.208,55,70,income.high,household.one-person,GAMER,EVER_PAYER,29,10000
standardized.person.2024.kr.validation,KR,VALIDATION,cell.209,55,70,income.high,household.one-person,GAMER,NEVER_PAYER,27,5000
standardized.person.2024.kr.validation,KR,VALIDATION,cell.210,55,70,income.high,household.one-person,NON_GAMER,EVER_PAYER,3,2000
standardized.person.2024.kr.validation,KR,VALIDATION,cell.211,55,70,income.high,household.one-person,NON_GAMER,NEVER_PAYER,17,1000
standardized.person.2024.kr.validation,KR,VALIDATION,cell.212,55,70,income.high,household.multi-no-minor,GAMER,EVER_PAYER,13,2500
standardized.person.2024.kr.validation,KR,VALIDATION,cell.213,55,70,income.high,household.multi-no-minor,GAMER,NEVER_PAYER,97,10000
standardized.person.2024.kr.validation,KR,VALIDATION,cell.214,55,70,income.high,household.multi-no-minor,NON_GAMER,EVER_PAYER,13,5000
standardized.person.2024.kr.validation,KR,VALIDATION,cell.215,55,70,income.high,household.multi-no-minor,NON_GAMER,NEVER_PAYER,19,625
standardized.person.2024.uk.calibration,UK,CALIBRATION,cell.000,10,18,income.low,household.with-minor,GAMER,EVER_PAYER,13,1250
standardized.person.2024.uk.calibration,UK,CALIBRATION,cell.001,10,18,income.low,household.with-minor,GAMER,NEVER_PAYER,121,5000
standardized.person.2024.uk.calibration,UK,CALIBRATION,cell.002,10,18,income.low,household.with-minor,NON_GAMER,EVER_PAYER,1,5000
standardized.person.2024.uk.calibration,UK,CALIBRATION,cell.003,10,18,income.low,household.with-minor,NON_GAMER,NEVER_PAYER,9,2500
standardized.person.2024.uk.calibration,UK,CALIBRATION,cell.004,10,18,income.low,household.one-person,GAMER,EVER_PAYER,0,1
standardized.person.2024.uk.calibration,UK,CALIBRATION,cell.005,10,18,income.low,household.one-person,GAMER,NEVER_PAYER,0,1
standardized.person.2024.uk.calibration,UK,CALIBRATION,cell.006,10,18,income.low,household.one-person,NON_GAMER,EVER_PAYER,0,1
standardized.person.2024.uk.calibration,UK,CALIBRATION,cell.007,10,18,income.low,household.one-person,NON_GAMER,NEVER_PAYER,0,1
standardized.person.2024.uk.calibration,UK,CALIBRATION,cell.008,10,18,income.low,household.multi-no-minor,GAMER,EVER_PAYER,0,1
standardized.person.2024.uk.calibration,UK,CALIBRATION,cell.009,10,18,income.low,household.multi-no-minor,GAMER,NEVER_PAYER,0,1
standardized.person.2024.uk.calibration,UK,CALIBRATION,cell.010,10,18,income.low,household.multi-no-minor,NON_GAMER,EVER_PAYER,0,1
standardized.person.2024.uk.calibration,UK,CALIBRATION,cell.011,10,18,income.low,household.multi-no-minor,NON_GAMER,NEVER_PAYER,0,1
standardized.person.2024.uk.calibration,UK,CALIBRATION,cell.012,10,18,income.middle,household.with-minor,GAMER,EVER_PAYER,2,125
standardized.person.2024.uk.calibration,UK,CALIBRATION,cell.013,10,18,income.middle,household.with-minor,GAMER,NEVER_PAYER,17,625
standardized.person.2024.uk.calibration,UK,CALIBRATION,cell.014,10,18,income.middle,household.with-minor,NON_GAMER,EVER_PAYER,3,10000
standardized.person.2024.uk.calibration,UK,CALIBRATION,cell.015,10,18,income.middle,household.with-minor,NON_GAMER,NEVER_PAYER,9,2000
standardized.person.2024.uk.calibration,UK,CALIBRATION,cell.016,10,18,income.middle,household.one-person,GAMER,EVER_PAYER,0,1
standardized.person.2024.uk.calibration,UK,CALIBRATION,cell.017,10,18,income.middle,household.one-person,GAMER,NEVER_PAYER,0,1
standardized.person.2024.uk.calibration,UK,CALIBRATION,cell.018,10,18,income.middle,household.one-person,NON_GAMER,EVER_PAYER,0,1
standardized.person.2024.uk.calibration,UK,CALIBRATION,cell.019,10,18,income.middle,household.one-person,NON_GAMER,NEVER_PAYER,0,1
standardized.person.2024.uk.calibration,UK,CALIBRATION,cell.020,10,18,income.middle,household.multi-no-minor,GAMER,EVER_PAYER,0,1
standardized.person.2024.uk.calibration,UK,CALIBRATION,cell.021,10,18,income.middle,household.multi-no-minor,GAMER,NEVER_PAYER,0,1
standardized.person.2024.uk.calibration,UK,CALIBRATION,cell.022,10,18,income.middle,household.multi-no-minor,NON_GAMER,EVER_PAYER,0,1
standardized.person.2024.uk.calibration,UK,CALIBRATION,cell.023,10,18,income.middle,household.multi-no-minor,NON_GAMER,NEVER_PAYER,0,1
standardized.person.2024.uk.calibration,UK,CALIBRATION,cell.024,10,18,income.high,household.with-minor,GAMER,EVER_PAYER,133,10000
standardized.person.2024.uk.calibration,UK,CALIBRATION,cell.025,10,18,income.high,household.with-minor,GAMER,NEVER_PAYER,169,10000
standardized.person.2024.uk.calibration,UK,CALIBRATION,cell.026,10,18,income.high,household.with-minor,NON_GAMER,EVER_PAYER,3,10000
standardized.person.2024.uk.calibration,UK,CALIBRATION,cell.027,10,18,income.high,household.with-minor,NON_GAMER,NEVER_PAYER,31,10000
standardized.person.2024.uk.calibration,UK,CALIBRATION,cell.028,10,18,income.high,household.one-person,GAMER,EVER_PAYER,0,1
standardized.person.2024.uk.calibration,UK,CALIBRATION,cell.029,10,18,income.high,household.one-person,GAMER,NEVER_PAYER,0,1
standardized.person.2024.uk.calibration,UK,CALIBRATION,cell.030,10,18,income.high,household.one-person,NON_GAMER,EVER_PAYER,0,1
standardized.person.2024.uk.calibration,UK,CALIBRATION,cell.031,10,18,income.high,household.one-person,NON_GAMER,NEVER_PAYER,0,1
standardized.person.2024.uk.calibration,UK,CALIBRATION,cell.032,10,18,income.high,household.multi-no-minor,GAMER,EVER_PAYER,0,1
standardized.person.2024.uk.calibration,UK,CALIBRATION,cell.033,10,18,income.high,household.multi-no-minor,GAMER,NEVER_PAYER,0,1
standardized.person.2024.uk.calibration,UK,CALIBRATION,cell.034,10,18,income.high,household.multi-no-minor,NON_GAMER,EVER_PAYER,0,1
standardized.person.2024.uk.calibration,UK,CALIBRATION,cell.035,10,18,income.high,household.multi-no-minor,NON_GAMER,NEVER_PAYER,0,1
standardized.person.2024.uk.calibration,UK,CALIBRATION,cell.036,18,25,income.low,household.with-minor,GAMER,EVER_PAYER,7,10000
standardized.person.2024.uk.calibration,UK,CALIBRATION,cell.037,18,25,income.low,household.with-minor,GAMER,NEVER_PAYER,19,10000
standardized.person.2024.uk.calibration,UK,CALIBRATION,cell.038,18,25,income.low,household.with-minor,NON_GAMER,EVER_PAYER,0,1
standardized.person.2024.uk.calibration,UK,CALIBRATION,cell.039,18,25,income.low,household.with-minor,NON_GAMER,NEVER_PAYER,7,10000
standardized.person.2024.uk.calibration,UK,CALIBRATION,cell.040,18,25,income.low,household.one-person,GAMER,EVER_PAYER,9,2000
standardized.person.2024.uk.calibration,UK,CALIBRATION,cell.041,18,25,income.low,household.one-person,GAMER,NEVER_PAYER,117,10000
standardized.person.2024.uk.calibration,UK,CALIBRATION,cell.042,18,25,income.low,household.one-person,NON_GAMER,EVER_PAYER,1,5000
standardized.person.2024.uk.calibration,UK,CALIBRATION,cell.043,18,25,income.low,household.one-person,NON_GAMER,NEVER_PAYER,41,10000
standardized.person.2024.uk.calibration,UK,CALIBRATION,cell.044,18,25,income.low,household.multi-no-minor,GAMER,EVER_PAYER,39,10000
standardized.person.2024.uk.calibration,UK,CALIBRATION,cell.045,18,25,income.low,household.multi-no-minor,GAMER,NEVER_PAYER,101,10000
standardized.person.2024.uk.calibration,UK,CALIBRATION,cell.046,18,25,income.low,household.multi-no-minor,NON_GAMER,EVER_PAYER,1,5000
standardized.person.2024.uk.calibration,UK,CALIBRATION,cell.047,18,25,income.low,household.multi-no-minor,NON_GAMER,NEVER_PAYER,9,2500
standardized.person.2024.uk.calibration,UK,CALIBRATION,cell.048,18,25,income.middle,household.with-minor,GAMER,EVER_PAYER,7,5000
standardized.person.2024.uk.calibration,UK,CALIBRATION,cell.049,18,25,income.middle,household.with-minor,GAMER,NEVER_PAYER,1,400
standardized.person.2024.uk.calibration,UK,CALIBRATION,cell.050,18,25,income.middle,household.with-minor,NON_GAMER,EVER_PAYER,1,10000
standardized.person.2024.uk.calibration,UK,CALIBRATION,cell.051,18,25,income.middle,household.with-minor,NON_GAMER,NEVER_PAYER,1,1000
standardized.person.2024.uk.calibration,UK,CALIBRATION,cell.052,18,25,income.middle,household.one-person,GAMER,EVER_PAYER,61,10000
standardized.person.2024.uk.calibration,UK,CALIBRATION,cell.053,18,25,income.middle,household.one-person,GAMER,NEVER_PAYER,57,5000
standardized.person.2024.uk.calibration,UK,CALIBRATION,cell.054,18,25,income.middle,household.one-person,NON_GAMER,EVER_PAYER,3,10000
standardized.person.2024.uk.calibration,UK,CALIBRATION,cell.055,18,25,income.middle,household.one-person,NON_GAMER,NEVER_PAYER,11,2500
standardized.person.2024.uk.calibration,UK,CALIBRATION,cell.056,18,25,income.middle,household.multi-no-minor,GAMER,EVER_PAYER,61,10000
standardized.person.2024.uk.calibration,UK,CALIBRATION,cell.057,18,25,income.middle,household.multi-no-minor,GAMER,NEVER_PAYER,57,5000
standardized.person.2024.uk.calibration,UK,CALIBRATION,cell.058,18,25,income.middle,household.multi-no-minor,NON_GAMER,EVER_PAYER,3,10000
standardized.person.2024.uk.calibration,UK,CALIBRATION,cell.059,18,25,income.middle,household.multi-no-minor,NON_GAMER,NEVER_PAYER,11,2500
standardized.person.2024.uk.calibration,UK,CALIBRATION,cell.060,18,25,income.high,household.with-minor,GAMER,EVER_PAYER,3,2500
standardized.person.2024.uk.calibration,UK,CALIBRATION,cell.061,18,25,income.high,household.with-minor,GAMER,NEVER_PAYER,17,10000
standardized.person.2024.uk.calibration,UK,CALIBRATION,cell.062,18,25,income.high,household.with-minor,NON_GAMER,EVER_PAYER,1,10000
standardized.person.2024.uk.calibration,UK,CALIBRATION,cell.063,18,25,income.high,household.with-minor,NON_GAMER,NEVER_PAYER,7,10000
standardized.person.2024.uk.calibration,UK,CALIBRATION,cell.064,18,25,income.high,household.one-person,GAMER,EVER_PAYER,19,5000
standardized.person.2024.uk.calibration,UK,CALIBRATION,cell.065,18,25,income.high,household.one-person,GAMER,NEVER_PAYER,13,2500
standardized.person.2024.uk.calibration,UK,CALIBRATION,cell.066,18,25,income.high,household.one-person,NON_GAMER,EVER_PAYER,1,5000
standardized.person.2024.uk.calibration,UK,CALIBRATION,cell.067,18,25,income.high,household.one-person,NON_GAMER,NEVER_PAYER,11,5000
standardized.person.2024.uk.calibration,UK,CALIBRATION,cell.068,18,25,income.high,household.multi-no-minor,GAMER,EVER_PAYER,47,10000
standardized.person.2024.uk.calibration,UK,CALIBRATION,cell.069,18,25,income.high,household.multi-no-minor,GAMER,NEVER_PAYER,4,625
standardized.person.2024.uk.calibration,UK,CALIBRATION,cell.070,18,25,income.high,household.multi-no-minor,NON_GAMER,EVER_PAYER,1,5000
standardized.person.2024.uk.calibration,UK,CALIBRATION,cell.071,18,25,income.high,household.multi-no-minor,NON_GAMER,NEVER_PAYER,27,10000
standardized.person.2024.uk.calibration,UK,CALIBRATION,cell.072,25,35,income.low,household.with-minor,GAMER,EVER_PAYER,11,10000
standardized.person.2024.uk.calibration,UK,CALIBRATION,cell.073,25,35,income.low,household.with-minor,GAMER,NEVER_PAYER,3,1000
standardized.person.2024.uk.calibration,UK,CALIBRATION,cell.074,25,35,income.low,household.with-minor,NON_GAMER,EVER_PAYER,1,10000
standardized.person.2024.uk.calibration,UK,CALIBRATION,cell.075,25,35,income.low,household.with-minor,NON_GAMER,NEVER_PAYER,1,500
standardized.person.2024.uk.calibration,UK,CALIBRATION,cell.076,25,35,income.low,household.one-person,GAMER,EVER_PAYER,7,2000
standardized.person.2024.uk.calibration,UK,CALIBRATION,cell.077,25,35,income.low,household.one-person,GAMER,NEVER_PAYER,1,100
standardized.person.2024.uk.calibration,UK,CALIBRATION,cell.078,25,35,income.low,household.one-person,NON_GAMER,EVER_PAYER,1,5000
standardized.person.2024.uk.calibration,UK,CALIBRATION,cell.079,25,35,income.low,household.one-person,NON_GAMER,NEVER_PAYER,13,2000
standardized.person.2024.uk.calibration,UK,CALIBRATION,cell.080,25,35,income.low,household.multi-no-minor,GAMER,EVER_PAYER,43,10000
standardized.person.2024.uk.calibration,UK,CALIBRATION,cell.081,25,35,income.low,household.multi-no-minor,GAMER,NEVER_PAYER,61,5000
standardized.person.2024.uk.calibration,UK,CALIBRATION,cell.082,25,35,income.low,household.multi-no-minor,NON_GAMER,EVER_PAYER,1,5000
standardized.person.2024.uk.calibration,UK,CALIBRATION,cell.083,25,35,income.low,household.multi-no-minor,NON_GAMER,NEVER_PAYER,79,10000
standardized.person.2024.uk.calibration,UK,CALIBRATION,cell.084,25,35,income.middle,household.with-minor,GAMER,EVER_PAYER,3,1250
standardized.person.2024.uk.calibration,UK,CALIBRATION,cell.085,25,35,income.middle,household.with-minor,GAMER,NEVER_PAYER,3,625
standardized.person.2024.uk.calibration,UK,CALIBRATION,cell.086,25,35,income.middle,household.with-minor,NON_GAMER,EVER_PAYER,1,5000
standardized.person.2024.uk.calibration,UK,CALIBRATION,cell.087,25,35,income.middle,household.with-minor,NON_GAMER,NEVER_PAYER,17,5000
standardized.person.2024.uk.calibration,UK,CALIBRATION,cell.088,25,35,income.middle,household.one-person,GAMER,EVER_PAYER,11,2000
standardized.person.2024.uk.calibration,UK,CALIBRATION,cell.089,25,35,income.middle,household.one-person,GAMER,NEVER_PAYER,7,625
standardized.person.2024.uk.calibration,UK,CALIBRATION,cell.090,25,35,income.middle,household.one-person,NON_GAMER,EVER_PAYER,1,2500
standardized.person.2024.uk.calibration,UK,CALIBRATION,cell.091,25,35,income.middle,household.one-person,NON_GAMER,NEVER_PAYER,39,5000
standardized.person.2024.uk.calibration,UK,CALIBRATION,cell.092,25,35,income.middle,household.multi-no-minor,GAMER,EVER_PAYER,79,10000
standardized.person.2024.uk.calibration,UK,CALIBRATION,cell.093,25,35,income.middle,household.multi-no-minor,GAMER,NEVER_PAYER,2,125
standardized.person.2024.uk.calibration,UK,CALIBRATION,cell.094,25,35,income.middle,household.multi-no-minor,NON_GAMER,EVER_PAYER,3,5000
standardized.person.2024.uk.calibration,UK,CALIBRATION,cell.095,25,35,income.middle,household.multi-no-minor,NON_GAMER,NEVER_PAYER,7,625
standardized.person.2024.uk.calibration,UK,CALIBRATION,cell.096,25,35,income.high,household.with-minor,GAMER,EVER_PAYER,23,10000
standardized.person.2024.uk.calibration,UK,CALIBRATION,cell.097,25,35,income.high,household.with-minor,GAMER,NEVER_PAYER,7,2000
standardized.person.2024.uk.calibration,UK,CALIBRATION,cell.098,25,35,income.high,household.with-minor,NON_GAMER,EVER_PAYER,1,5000
standardized.person.2024.uk.calibration,UK,CALIBRATION,cell.099,25,35,income.high,household.with-minor,NON_GAMER,NEVER_PAYER,27,10000
standardized.person.2024.uk.calibration,UK,CALIBRATION,cell.100,25,35,income.high,household.one-person,GAMER,EVER_PAYER,19,5000
standardized.person.2024.uk.calibration,UK,CALIBRATION,cell.101,25,35,income.high,household.one-person,GAMER,NEVER_PAYER,57,10000
standardized.person.2024.uk.calibration,UK,CALIBRATION,cell.102,25,35,income.high,household.one-person,NON_GAMER,EVER_PAYER,3,10000
standardized.person.2024.uk.calibration,UK,CALIBRATION,cell.103,25,35,income.high,household.one-person,NON_GAMER,NEVER_PAYER,11,2500
standardized.person.2024.uk.calibration,UK,CALIBRATION,cell.104,25,35,income.high,household.multi-no-minor,GAMER,EVER_PAYER,33,5000
standardized.person.2024.uk.calibration,UK,CALIBRATION,cell.105,25,35,income.high,household.multi-no-minor,GAMER,NEVER_PAYER,99,10000
standardized.person.2024.uk.calibration,UK,CALIBRATION,cell.106,25,35,income.high,household.multi-no-minor,NON_GAMER,EVER_PAYER,3,5000
standardized.person.2024.uk.calibration,UK,CALIBRATION,cell.107,25,35,income.high,household.multi-no-minor,NON_GAMER,NEVER_PAYER,19,2500
standardized.person.2024.uk.calibration,UK,CALIBRATION,cell.108,35,45,income.low,household.with-minor,GAMER,EVER_PAYER,9,10000
standardized.person.2024.uk.calibration,UK,CALIBRATION,cell.109,35,45,income.low,household.with-minor,GAMER,NEVER_PAYER,3,1000
standardized.person.2024.uk.calibration,UK,CALIBRATION,cell.110,35,45,income.low,household.with-minor,NON_GAMER,EVER_PAYER,1,10000
standardized.person.2024.uk.calibration,UK,CALIBRATION,cell.111,35,45,income.low,household.with-minor,NON_GAMER,NEVER_PAYER,2,625
standardized.person.2024.uk.calibration,UK,CALIBRATION,cell.112,35,45,income.low,household.one-person,GAMER,EVER_PAYER,17,10000
standardized.person.2024.uk.calibration,UK,CALIBRATION,cell.113,35,45,income.low,household.one-person,GAMER,NEVER_PAYER,11,2000
standardized.person.2024.uk.calibration,UK,CALIBRATION,cell.114,35,45,income.low,household.one-person,NON_GAMER,EVER_PAYER,1,5000
standardized.person.2024.uk.calibration,UK,CALIBRATION,cell.115,35,45,income.low,household.one-person,NON_GAMER,NEVER_PAYER,3,500
standardized.person.2024.uk.calibration,UK,CALIBRATION,cell.116,35,45,income.low,household.multi-no-minor,GAMER,EVER_PAYER,2,625
standardized.person.2024.uk.calibration,UK,CALIBRATION,cell.117,35,45,income.low,household.multi-no-minor,GAMER,NEVER_PAYER,51,5000
standardized.person.2024.uk.calibration,UK,CALIBRATION,cell.118,35,45,income.low,household.multi-no-minor,NON_GAMER,EVER_PAYER,3,10000
standardized.person.2024.uk.calibration,UK,CALIBRATION,cell.119,35,45,income.low,household.multi-no-minor,NON_GAMER,NEVER_PAYER,11,1000
standardized.person.2024.uk.calibration,UK,CALIBRATION,cell.120,35,45,income.middle,household.with-minor,GAMER,EVER_PAYER,13,5000
standardized.person.2024.uk.calibration,UK,CALIBRATION,cell.121,35,45,income.middle,household.with-minor,GAMER,NEVER_PAYER,29,5000
standardized.person.2024.uk.calibration,UK,CALIBRATION,cell.122,35,45,income.middle,household.with-minor,NON_GAMER,EVER_PAYER,1,2500
standardized.person.2024.uk.calibration,UK,CALIBRATION,cell.123,35,45,income.middle,household.with-minor,NON_GAMER,NEVER_PAYER,17,2500
standardized.person.2024.uk.calibration,UK,CALIBRATION,cell.124,35,45,income.middle,household.one-person,GAMER,EVER_PAYER,2,625
standardized.person.2024.uk.calibration,UK,CALIBRATION,cell.125,35,45,income.middle,household.one-person,GAMER,NEVER_PAYER,9,1250
standardized.person.2024.uk.calibration,UK,CALIBRATION,cell.126,35,45,income.middle,household.one-person,NON_GAMER,EVER_PAYER,1,2500
standardized.person.2024.uk.calibration,UK,CALIBRATION,cell.127,35,45,income.middle,household.one-person,NON_GAMER,NEVER_PAYER,17,2000
standardized.person.2024.uk.calibration,UK,CALIBRATION,cell.128,35,45,income.middle,household.multi-no-minor,GAMER,EVER_PAYER,71,10000
standardized.person.2024.uk.calibration,UK,CALIBRATION,cell.129,35,45,income.middle,household.multi-no-minor,GAMER,NEVER_PAYER,159,10000
standardized.person.2024.uk.calibration,UK,CALIBRATION,cell.130,35,45,income.middle,household.multi-no-minor,NON_GAMER,EVER_PAYER,1,1000
standardized.person.2024.uk.calibration,UK,CALIBRATION,cell.131,35,45,income.middle,household.multi-no-minor,NON_GAMER,NEVER_PAYER,93,5000
standardized.person.2024.uk.calibration,UK,CALIBRATION,cell.132,35,45,income.high,household.with-minor,GAMER,EVER_PAYER,27,10000
standardized.person.2024.uk.calibration,UK,CALIBRATION,cell.133,35,45,income.high,household.with-minor,GAMER,NEVER_PAYER,9,2000
standardized.person.2024.uk.calibration,UK,CALIBRATION,cell.134,35,45,income.high,household.with-minor,NON_GAMER,EVER_PAYER,1,2500
standardized.person.2024.uk.calibration,UK,CALIBRATION,cell.135,35,45,income.high,household.with-minor,NON_GAMER,NEVER_PAYER,57,10000
standardized.person.2024.uk.calibration,UK,CALIBRATION,cell.136,35,45,income.high,household.one-person,GAMER,EVER_PAYER,1,400
standardized.person.2024.uk.calibration,UK,CALIBRATION,cell.137,35,45,income.high,household.one-person,GAMER,NEVER_PAYER,41,10000
standardized.person.2024.uk.calibration,UK,CALIBRATION,cell.138,35,45,income.high,household.one-person,NON_GAMER,EVER_PAYER,1,2500
standardized.person.2024.uk.calibration,UK,CALIBRATION,cell.139,35,45,income.high,household.one-person,NON_GAMER,NEVER_PAYER,13,2500
standardized.person.2024.uk.calibration,UK,CALIBRATION,cell.140,35,45,income.high,household.multi-no-minor,GAMER,EVER_PAYER,13,2000
standardized.person.2024.uk.calibration,UK,CALIBRATION,cell.141,35,45,income.high,household.multi-no-minor,GAMER,NEVER_PAYER,53,5000
standardized.person.2024.uk.calibration,UK,CALIBRATION,cell.142,35,45,income.high,household.multi-no-minor,NON_GAMER,EVER_PAYER,1,1000
standardized.person.2024.uk.calibration,UK,CALIBRATION,cell.143,35,45,income.high,household.multi-no-minor,NON_GAMER,NEVER_PAYER,17,1250
standardized.person.2024.uk.calibration,UK,CALIBRATION,cell.144,45,55,income.low,household.with-minor,GAMER,EVER_PAYER,1,5000
standardized.person.2024.uk.calibration,UK,CALIBRATION,cell.145,45,55,income.low,household.with-minor,GAMER,NEVER_PAYER,1,1250
standardized.person.2024.uk.calibration,UK,CALIBRATION,cell.146,45,55,income.low,household.with-minor,NON_GAMER,EVER_PAYER,0,1
standardized.person.2024.uk.calibration,UK,CALIBRATION,cell.147,45,55,income.low,household.with-minor,NON_GAMER,NEVER_PAYER,13,10000
standardized.person.2024.uk.calibration,UK,CALIBRATION,cell.148,45,55,income.low,household.one-person,GAMER,EVER_PAYER,13,10000
standardized.person.2024.uk.calibration,UK,CALIBRATION,cell.149,45,55,income.low,household.one-person,GAMER,NEVER_PAYER,41,10000
standardized.person.2024.uk.calibration,UK,CALIBRATION,cell.150,45,55,income.low,household.one-person,NON_GAMER,EVER_PAYER,1,5000
standardized.person.2024.uk.calibration,UK,CALIBRATION,cell.151,45,55,income.low,household.one-person,NON_GAMER,NEVER_PAYER,7,1000
standardized.person.2024.uk.calibration,UK,CALIBRATION,cell.152,45,55,income.low,household.multi-no-minor,GAMER,EVER_PAYER,1,400
standardized.person.2024.uk.calibration,UK,CALIBRATION,cell.153,45,55,income.low,household.multi-no-minor,GAMER,NEVER_PAYER,1,125
standardized.person.2024.uk.calibration,UK,CALIBRATION,cell.154,45,55,income.low,household.multi-no-minor,NON_GAMER,EVER_PAYER,1,2500
standardized.person.2024.uk.calibration,UK,CALIBRATION,cell.155,45,55,income.low,household.multi-no-minor,NON_GAMER,NEVER_PAYER,17,1250
standardized.person.2024.uk.calibration,UK,CALIBRATION,cell.156,45,55,income.middle,household.with-minor,GAMER,EVER_PAYER,1,1250
standardized.person.2024.uk.calibration,UK,CALIBRATION,cell.157,45,55,income.middle,household.with-minor,GAMER,NEVER_PAYER,19,10000
standardized.person.2024.uk.calibration,UK,CALIBRATION,cell.158,45,55,income.middle,household.with-minor,NON_GAMER,EVER_PAYER,1,5000
standardized.person.2024.uk.calibration,UK,CALIBRATION,cell.159,45,55,income.middle,household.with-minor,NON_GAMER,NEVER_PAYER,17,5000
standardized.person.2024.uk.calibration,UK,CALIBRATION,cell.160,45,55,income.middle,household.one-person,GAMER,EVER_PAYER,29,10000
standardized.person.2024.uk.calibration,UK,CALIBRATION,cell.161,45,55,income.middle,household.one-person,GAMER,NEVER_PAYER,63,10000
standardized.person.2024.uk.calibration,UK,CALIBRATION,cell.162,45,55,income.middle,household.one-person,NON_GAMER,EVER_PAYER,3,5000
standardized.person.2024.uk.calibration,UK,CALIBRATION,cell.163,45,55,income.middle,household.one-person,NON_GAMER,NEVER_PAYER,29,2500
standardized.person.2024.uk.calibration,UK,CALIBRATION,cell.164,45,55,income.middle,household.multi-no-minor,GAMER,EVER_PAYER,69,10000
standardized.person.2024.uk.calibration,UK,CALIBRATION,cell.165,45,55,income.middle,household.multi-no-minor,GAMER,NEVER_PAYER,153,10000
standardized.person.2024.uk.calibration,UK,CALIBRATION,cell.166,45,55,income.middle,household.multi-no-minor,NON_GAMER,EVER_PAYER,3,2000
standardized.person.2024.uk.calibration,UK,CALIBRATION,cell.167,45,55,income.middle,household.multi-no-minor,NON_GAMER,NEVER_PAYER,279,10000
standardized.person.2024.uk.calibration,UK,CALIBRATION,cell.168,45,55,income.high,household.with-minor,GAMER,EVER_PAYER,9,10000
standardized.person.2024.uk.calibration,UK,CALIBRATION,cell.169,45,55,income.high,household.with-minor,GAMER,NEVER_PAYER,3,2000
standardized.person.2024.uk.calibration,UK,CALIBRATION,cell.170,45,55,income.high,household.with-minor,NON_GAMER,EVER_PAYER,1,5000
standardized.person.2024.uk.calibration,UK,CALIBRATION,cell.171,45,55,income.high,household.with-minor,NON_GAMER,NEVER_PAYER,31,10000
standardized.person.2024.uk.calibration,UK,CALIBRATION,cell.172,45,55,income.high,household.one-person,GAMER,EVER_PAYER,3,1250
standardized.person.2024.uk.calibration,UK,CALIBRATION,cell.173,45,55,income.high,household.one-person,GAMER,NEVER_PAYER,39,10000
standardized.person.2024.uk.calibration,UK,CALIBRATION,cell.174,45,55,income.high,household.one-person,NON_GAMER,EVER_PAYER,3,5000
standardized.person.2024.uk.calibration,UK,CALIBRATION,cell.175,45,55,income.high,household.one-person,NON_GAMER,NEVER_PAYER,77,10000
standardized.person.2024.uk.calibration,UK,CALIBRATION,cell.176,45,55,income.high,household.multi-no-minor,GAMER,EVER_PAYER,67,10000
standardized.person.2024.uk.calibration,UK,CALIBRATION,cell.177,45,55,income.high,household.multi-no-minor,GAMER,NEVER_PAYER,109,10000
standardized.person.2024.uk.calibration,UK,CALIBRATION,cell.178,45,55,income.high,household.multi-no-minor,NON_GAMER,EVER_PAYER,1,625
standardized.person.2024.uk.calibration,UK,CALIBRATION,cell.179,45,55,income.high,household.multi-no-minor,NON_GAMER,NEVER_PAYER,217,10000
standardized.person.2024.uk.calibration,UK,CALIBRATION,cell.180,55,70,income.low,household.with-minor,GAMER,EVER_PAYER,0,1
standardized.person.2024.uk.calibration,UK,CALIBRATION,cell.181,55,70,income.low,household.with-minor,GAMER,NEVER_PAYER,1,10000
standardized.person.2024.uk.calibration,UK,CALIBRATION,cell.182,55,70,income.low,household.with-minor,NON_GAMER,EVER_PAYER,0,1
standardized.person.2024.uk.calibration,UK,CALIBRATION,cell.183,55,70,income.low,household.with-minor,NON_GAMER,NEVER_PAYER,1,2500
standardized.person.2024.uk.calibration,UK,CALIBRATION,cell.184,55,70,income.low,household.one-person,GAMER,EVER_PAYER,7,5000
standardized.person.2024.uk.calibration,UK,CALIBRATION,cell.185,55,70,income.low,household.one-person,GAMER,NEVER_PAYER,9,2000
standardized.person.2024.uk.calibration,UK,CALIBRATION,cell.186,55,70,income.low,household.one-person,NON_GAMER,EVER_PAYER,1,2500
standardized.person.2024.uk.calibration,UK,CALIBRATION,cell.187,55,70,income.low,household.one-person,NON_GAMER,NEVER_PAYER,129,10000
standardized.person.2024.uk.calibration,UK,CALIBRATION,cell.188,55,70,income.low,household.multi-no-minor,GAMER,EVER_PAYER,17,10000
standardized.person.2024.uk.calibration,UK,CALIBRATION,cell.189,55,70,income.low,household.multi-no-minor,GAMER,NEVER_PAYER,11,2000
standardized.person.2024.uk.calibration,UK,CALIBRATION,cell.190,55,70,income.low,household.multi-no-minor,NON_GAMER,EVER_PAYER,1,2000
standardized.person.2024.uk.calibration,UK,CALIBRATION,cell.191,55,70,income.low,household.multi-no-minor,NON_GAMER,NEVER_PAYER,157,10000
standardized.person.2024.uk.calibration,UK,CALIBRATION,cell.192,55,70,income.middle,household.with-minor,GAMER,EVER_PAYER,1,5000
standardized.person.2024.uk.calibration,UK,CALIBRATION,cell.193,55,70,income.middle,household.with-minor,GAMER,NEVER_PAYER,1,2500
standardized.person.2024.uk.calibration,UK,CALIBRATION,cell.194,55,70,income.middle,household.with-minor,NON_GAMER,EVER_PAYER,1,10000
standardized.person.2024.uk.calibration,UK,CALIBRATION,cell.195,55,70,income.middle,household.with-minor,NON_GAMER,NEVER_PAYER,7,5000
standardized.person.2024.uk.calibration,UK,CALIBRATION,cell.196,55,70,income.middle,household.one-person,GAMER,EVER_PAYER,19,5000
standardized.person.2024.uk.calibration,UK,CALIBRATION,cell.197,55,70,income.middle,household.one-person,GAMER,NEVER_PAYER,21,2500
standardized.person.2024.uk.calibration,UK,CALIBRATION,cell.198,55,70,income.middle,household.one-person,NON_GAMER,EVER_PAYER,7,5000
standardized.person.2024.uk.calibration,UK,CALIBRATION,cell.199,55,70,income.middle,household.one-person,NON_GAMER,NEVER_PAYER,129,5000
standardized.person.2024.uk.calibration,UK,CALIBRATION,cell.200,55,70,income.middle,household.multi-no-minor,GAMER,EVER_PAYER,3,500
standardized.person.2024.uk.calibration,UK,CALIBRATION,cell.201,55,70,income.middle,household.multi-no-minor,GAMER,NEVER_PAYER,133,10000
standardized.person.2024.uk.calibration,UK,CALIBRATION,cell.202,55,70,income.middle,household.multi-no-minor,NON_GAMER,EVER_PAYER,21,10000
standardized.person.2024.uk.calibration,UK,CALIBRATION,cell.203,55,70,income.middle,household.multi-no-minor,NON_GAMER,NEVER_PAYER,407,10000
standardized.person.2024.uk.calibration,UK,CALIBRATION,cell.204,55,70,income.high,household.with-minor,GAMER,EVER_PAYER,1,5000
standardized.person.2024.uk.calibration,UK,CALIBRATION,cell.205,55,70,income.high,household.with-minor,GAMER,NEVER_PAYER,1,2500
standardized.person.2024.uk.calibration,UK,CALIBRATION,cell.206,55,70,income.high,household.with-minor,NON_GAMER,EVER_PAYER,1,10000
standardized.person.2024.uk.calibration,UK,CALIBRATION,cell.207,55,70,income.high,household.with-minor,NON_GAMER,NEVER_PAYER,13,10000
standardized.person.2024.uk.calibration,UK,CALIBRATION,cell.208,55,70,income.high,household.one-person,GAMER,EVER_PAYER,17,5000
standardized.person.2024.uk.calibration,UK,CALIBRATION,cell.209,55,70,income.high,household.one-person,GAMER,NEVER_PAYER,11,2000
standardized.person.2024.uk.calibration,UK,CALIBRATION,cell.210,55,70,income.high,household.one-person,NON_GAMER,EVER_PAYER,7,5000
standardized.person.2024.uk.calibration,UK,CALIBRATION,cell.211,55,70,income.high,household.one-person,NON_GAMER,NEVER_PAYER,37,2000
standardized.person.2024.uk.calibration,UK,CALIBRATION,cell.212,55,70,income.high,household.multi-no-minor,GAMER,EVER_PAYER,31,5000
standardized.person.2024.uk.calibration,UK,CALIBRATION,cell.213,55,70,income.high,household.multi-no-minor,GAMER,NEVER_PAYER,101,10000
standardized.person.2024.uk.calibration,UK,CALIBRATION,cell.214,55,70,income.high,household.multi-no-minor,NON_GAMER,EVER_PAYER,1,400
standardized.person.2024.uk.calibration,UK,CALIBRATION,cell.215,55,70,income.high,household.multi-no-minor,NON_GAMER,NEVER_PAYER,337,10000
standardized.person.2024.uk.validation,UK,VALIDATION,cell.000,10,18,income.low,household.with-minor,GAMER,EVER_PAYER,89,10000
standardized.person.2024.uk.validation,UK,VALIDATION,cell.001,10,18,income.low,household.with-minor,GAMER,NEVER_PAYER,241,10000
standardized.person.2024.uk.validation,UK,VALIDATION,cell.002,10,18,income.low,household.with-minor,NON_GAMER,EVER_PAYER,3,10000
standardized.person.2024.uk.validation,UK,VALIDATION,cell.003,10,18,income.low,household.with-minor,NON_GAMER,NEVER_PAYER,51,10000
standardized.person.2024.uk.validation,UK,VALIDATION,cell.004,10,18,income.low,household.one-person,GAMER,EVER_PAYER,0,1
standardized.person.2024.uk.validation,UK,VALIDATION,cell.005,10,18,income.low,household.one-person,GAMER,NEVER_PAYER,0,1
standardized.person.2024.uk.validation,UK,VALIDATION,cell.006,10,18,income.low,household.one-person,NON_GAMER,EVER_PAYER,0,1
standardized.person.2024.uk.validation,UK,VALIDATION,cell.007,10,18,income.low,household.one-person,NON_GAMER,NEVER_PAYER,0,1
standardized.person.2024.uk.validation,UK,VALIDATION,cell.008,10,18,income.low,household.multi-no-minor,GAMER,EVER_PAYER,0,1
standardized.person.2024.uk.validation,UK,VALIDATION,cell.009,10,18,income.low,household.multi-no-minor,GAMER,NEVER_PAYER,0,1
standardized.person.2024.uk.validation,UK,VALIDATION,cell.010,10,18,income.low,household.multi-no-minor,NON_GAMER,EVER_PAYER,0,1
standardized.person.2024.uk.validation,UK,VALIDATION,cell.011,10,18,income.low,household.multi-no-minor,NON_GAMER,NEVER_PAYER,0,1
standardized.person.2024.uk.validation,UK,VALIDATION,cell.012,10,18,income.middle,household.with-minor,GAMER,EVER_PAYER,7,500
standardized.person.2024.uk.validation,UK,VALIDATION,cell.013,10,18,income.middle,household.with-minor,GAMER,NEVER_PAYER,17,625
standardized.person.2024.uk.validation,UK,VALIDATION,cell.014,10,18,income.middle,household.with-minor,NON_GAMER,EVER_PAYER,1,2000
standardized.person.2024.uk.validation,UK,VALIDATION,cell.015,10,18,income.middle,household.with-minor,NON_GAMER,NEVER_PAYER,31,5000
standardized.person.2024.uk.validation,UK,VALIDATION,cell.016,10,18,income.middle,household.one-person,GAMER,EVER_PAYER,0,1
standardized.person.2024.uk.validation,UK,VALIDATION,cell.017,10,18,income.middle,household.one-person,GAMER,NEVER_PAYER,0,1
standardized.person.2024.uk.validation,UK,VALIDATION,cell.018,10,18,income.middle,household.one-person,NON_GAMER,EVER_PAYER,0,1
standardized.person.2024.uk.validation,UK,VALIDATION,cell.019,10,18,income.middle,household.one-person,NON_GAMER,NEVER_PAYER,0,1
standardized.person.2024.uk.validation,UK,VALIDATION,cell.020,10,18,income.middle,household.multi-no-minor,GAMER,EVER_PAYER,0,1
standardized.person.2024.uk.validation,UK,VALIDATION,cell.021,10,18,income.middle,household.multi-no-minor,GAMER,NEVER_PAYER,0,1
standardized.person.2024.uk.validation,UK,VALIDATION,cell.022,10,18,income.middle,household.multi-no-minor,NON_GAMER,EVER_PAYER,0,1
standardized.person.2024.uk.validation,UK,VALIDATION,cell.023,10,18,income.middle,household.multi-no-minor,NON_GAMER,NEVER_PAYER,0,1
standardized.person.2024.uk.validation,UK,VALIDATION,cell.024,10,18,income.high,household.with-minor,GAMER,EVER_PAYER,59,5000
standardized.person.2024.uk.validation,UK,VALIDATION,cell.025,10,18,income.high,household.with-minor,GAMER,NEVER_PAYER,171,10000
standardized.person.2024.uk.validation,UK,VALIDATION,cell.026,10,18,income.high,household.with-minor,NON_GAMER,EVER_PAYER,1,2000
standardized.person.2024.uk.validation,UK,VALIDATION,cell.027,10,18,income.high,household.with-minor,NON_GAMER,NEVER_PAYER,21,5000
standardized.person.2024.uk.validation,UK,VALIDATION,cell.028,10,18,income.high,household.one-person,GAMER,EVER_PAYER,0,1
standardized.person.2024.uk.validation,UK,VALIDATION,cell.029,10,18,income.high,household.one-person,GAMER,NEVER_PAYER,0,1
standardized.person.2024.uk.validation,UK,VALIDATION,cell.030,10,18,income.high,household.one-person,NON_GAMER,EVER_PAYER,0,1
standardized.person.2024.uk.validation,UK,VALIDATION,cell.031,10,18,income.high,household.one-person,NON_GAMER,NEVER_PAYER,0,1
standardized.person.2024.uk.validation,UK,VALIDATION,cell.032,10,18,income.high,household.multi-no-minor,GAMER,EVER_PAYER,0,1
standardized.person.2024.uk.validation,UK,VALIDATION,cell.033,10,18,income.high,household.multi-no-minor,GAMER,NEVER_PAYER,0,1
standardized.person.2024.uk.validation,UK,VALIDATION,cell.034,10,18,income.high,household.multi-no-minor,NON_GAMER,EVER_PAYER,0,1
standardized.person.2024.uk.validation,UK,VALIDATION,cell.035,10,18,income.high,household.multi-no-minor,NON_GAMER,NEVER_PAYER,0,1
standardized.person.2024.uk.validation,UK,VALIDATION,cell.036,18,25,income.low,household.with-minor,GAMER,EVER_PAYER,3,5000
standardized.person.2024.uk.validation,UK,VALIDATION,cell.037,18,25,income.low,household.with-minor,GAMER,NEVER_PAYER,19,10000
standardized.person.2024.uk.validation,UK,VALIDATION,cell.038,18,25,income.low,household.with-minor,NON_GAMER,EVER_PAYER,0,1
standardized.person.2024.uk.validation,UK,VALIDATION,cell.039,18,25,income.low,household.with-minor,NON_GAMER,NEVER_PAYER,1,1250
standardized.person.2024.uk.validation,UK,VALIDATION,cell.040,18,25,income.low,household.one-person,GAMER,EVER_PAYER,19,5000
standardized.person.2024.uk.validation,UK,VALIDATION,cell.041,18,25,income.low,household.one-person,GAMER,NEVER_PAYER,23,2000
standardized.person.2024.uk.validation,UK,VALIDATION,cell.042,18,25,income.low,household.one-person,NON_GAMER,EVER_PAYER,3,10000
standardized.person.2024.uk.validation,UK,VALIDATION,cell.043,18,25,income.low,household.one-person,NON_GAMER,NEVER_PAYER,49,10000
standardized.person.2024.uk.validation,UK,VALIDATION,cell.044,18,25,income.low,household.multi-no-minor,GAMER,EVER_PAYER,33,10000
standardized.person.2024.uk.validation,UK,VALIDATION,cell.045,18,25,income.low,household.multi-no-minor,GAMER,NEVER_PAYER,1,100
standardized.person.2024.uk.validation,UK,VALIDATION,cell.046,18,25,income.low,household.multi-no-minor,NON_GAMER,EVER_PAYER,1,5000
standardized.person.2024.uk.validation,UK,VALIDATION,cell.047,18,25,income.low,household.multi-no-minor,NON_GAMER,NEVER_PAYER,21,5000
standardized.person.2024.uk.validation,UK,VALIDATION,cell.048,18,25,income.middle,household.with-minor,GAMER,EVER_PAYER,3,2500
standardized.person.2024.uk.validation,UK,VALIDATION,cell.049,18,25,income.middle,household.with-minor,GAMER,NEVER_PAYER,1,400
standardized.person.2024.uk.validation,UK,VALIDATION,cell.050,18,25,income.middle,household.with-minor,NON_GAMER,EVER_PAYER,1,10000
standardized.person.2024.uk.validation,UK,VALIDATION,cell.051,18,25,income.middle,household.with-minor,NON_GAMER,NEVER_PAYER,11,10000
standardized.person.2024.uk.validation,UK,VALIDATION,cell.052,18,25,income.middle,household.one-person,GAMER,EVER_PAYER,53,10000
standardized.person.2024.uk.validation,UK,VALIDATION,cell.053,18,25,income.middle,household.one-person,GAMER,NEVER_PAYER,113,10000
standardized.person.2024.uk.validation,UK,VALIDATION,cell.054,18,25,income.middle,household.one-person,NON_GAMER,EVER_PAYER,1,2500
standardized.person.2024.uk.validation,UK,VALIDATION,cell.055,18,25,income.middle,household.one-person,NON_GAMER,NEVER_PAYER,51,10000
standardized.person.2024.uk.validation,UK,VALIDATION,cell.056,18,25,income.middle,household.multi-no-minor,GAMER,EVER_PAYER,53,10000
standardized.person.2024.uk.validation,UK,VALIDATION,cell.057,18,25,income.middle,household.multi-no-minor,GAMER,NEVER_PAYER,113,10000
standardized.person.2024.uk.validation,UK,VALIDATION,cell.058,18,25,income.middle,household.multi-no-minor,NON_GAMER,EVER_PAYER,1,2500
standardized.person.2024.uk.validation,UK,VALIDATION,cell.059,18,25,income.middle,household.multi-no-minor,NON_GAMER,NEVER_PAYER,51,10000
standardized.person.2024.uk.validation,UK,VALIDATION,cell.060,18,25,income.high,household.with-minor,GAMER,EVER_PAYER,11,10000
standardized.person.2024.uk.validation,UK,VALIDATION,cell.061,18,25,income.high,household.with-minor,GAMER,NEVER_PAYER,17,10000
standardized.person.2024.uk.validation,UK,VALIDATION,cell.062,18,25,income.high,household.with-minor,NON_GAMER,EVER_PAYER,1,10000
standardized.person.2024.uk.validation,UK,VALIDATION,cell.063,18,25,income.high,household.with-minor,NON_GAMER,NEVER_PAYER,1,1250
standardized.person.2024.uk.validation,UK,VALIDATION,cell.064,18,25,income.high,household.one-person,GAMER,EVER_PAYER,33,10000
standardized.person.2024.uk.validation,UK,VALIDATION,cell.065,18,25,income.high,household.one-person,GAMER,NEVER_PAYER,13,2500
standardized.person.2024.uk.validation,UK,VALIDATION,cell.066,18,25,income.high,household.one-person,NON_GAMER,EVER_PAYER,3,10000
standardized.person.2024.uk.validation,UK,VALIDATION,cell.067,18,25,income.high,household.one-person,NON_GAMER,NEVER_PAYER,13,5000
standardized.person.2024.uk.validation,UK,VALIDATION,cell.068,18,25,income.high,household.multi-no-minor,GAMER,EVER_PAYER,41,10000
standardized.person.2024.uk.validation,UK,VALIDATION,cell.069,18,25,income.high,household.multi-no-minor,GAMER,NEVER_PAYER,4,625
standardized.person.2024.uk.validation,UK,VALIDATION,cell.070,18,25,income.high,household.multi-no-minor,NON_GAMER,EVER_PAYER,3,10000
standardized.person.2024.uk.validation,UK,VALIDATION,cell.071,18,25,income.high,household.multi-no-minor,NON_GAMER,NEVER_PAYER,2,625
standardized.person.2024.uk.validation,UK,VALIDATION,cell.072,25,35,income.low,household.with-minor,GAMER,EVER_PAYER,9,10000
standardized.person.2024.uk.validation,UK,VALIDATION,cell.073,25,35,income.low,household.with-minor,GAMER,NEVER_PAYER,3,1000
standardized.person.2024.uk.validation,UK,VALIDATION,cell.074,25,35,income.low,household.with-minor,NON_GAMER,EVER_PAYER,1,10000
standardized.person.2024.uk.validation,UK,VALIDATION,cell.075,25,35,income.low,household.with-minor,NON_GAMER,NEVER_PAYER,11,5000
standardized.person.2024.uk.validation,UK,VALIDATION,cell.076,25,35,income.low,household.one-person,GAMER,EVER_PAYER,29,10000
standardized.person.2024.uk.validation,UK,VALIDATION,cell.077,25,35,income.low,household.one-person,GAMER,NEVER_PAYER,49,5000
standardized.person.2024.uk.validation,UK,VALIDATION,cell.078,25,35,income.low,household.one-person,NON_GAMER,EVER_PAYER,3,10000
standardized.person.2024.uk.validation,UK,VALIDATION,cell.079,25,35,income.low,household.one-person,NON_GAMER,NEVER_PAYER,9,1250
standardized.person.2024.uk.validation,UK,VALIDATION,cell.080,25,35,income.low,household.multi-no-minor,GAMER,EVER_PAYER,9,2500
standardized.person.2024.uk.validation,UK,VALIDATION,cell.081,25,35,income.low,household.multi-no-minor,GAMER,NEVER_PAYER,3,250
standardized.person.2024.uk.validation,UK,VALIDATION,cell.082,25,35,income.low,household.multi-no-minor,NON_GAMER,EVER_PAYER,1,2500
standardized.person.2024.uk.validation,UK,VALIDATION,cell.083,25,35,income.low,household.multi-no-minor,NON_GAMER,NEVER_PAYER,11,1250
standardized.person.2024.uk.validation,UK,VALIDATION,cell.084,25,35,income.middle,household.with-minor,GAMER,EVER_PAYER,1,500
standardized.person.2024.uk.validation,UK,VALIDATION,cell.085,25,35,income.middle,household.with-minor,GAMER,NEVER_PAYER,47,10000
standardized.person.2024.uk.validation,UK,VALIDATION,cell.086,25,35,income.middle,household.with-minor,NON_GAMER,EVER_PAYER,1,5000
standardized.person.2024.uk.validation,UK,VALIDATION,cell.087,25,35,income.middle,household.with-minor,NON_GAMER,NEVER_PAYER,37,10000
standardized.person.2024.uk.validation,UK,VALIDATION,cell.088,25,35,income.middle,household.one-person,GAMER,EVER_PAYER,47,10000
standardized.person.2024.uk.validation,UK,VALIDATION,cell.089,25,35,income.middle,household.one-person,GAMER,NEVER_PAYER,11,1000
standardized.person.2024.uk.validation,UK,VALIDATION,cell.090,25,35,income.middle,household.one-person,NON_GAMER,EVER_PAYER,3,5000
standardized.person.2024.uk.validation,UK,VALIDATION,cell.091,25,35,income.middle,household.one-person,NON_GAMER,NEVER_PAYER,87,10000
standardized.person.2024.uk.validation,UK,VALIDATION,cell.092,25,35,income.middle,household.multi-no-minor,GAMER,EVER_PAYER,67,10000
standardized.person.2024.uk.validation,UK,VALIDATION,cell.093,25,35,income.middle,household.multi-no-minor,GAMER,NEVER_PAYER,157,10000
standardized.person.2024.uk.validation,UK,VALIDATION,cell.094,25,35,income.middle,household.multi-no-minor,NON_GAMER,EVER_PAYER,1,1250
standardized.person.2024.uk.validation,UK,VALIDATION,cell.095,25,35,income.middle,household.multi-no-minor,NON_GAMER,NEVER_PAYER,31,2500
standardized.person.2024.uk.validation,UK,VALIDATION,cell.096,25,35,income.high,household.with-minor,GAMER,EVER_PAYER,1,500
standardized.person.2024.uk.validation,UK,VALIDATION,cell.097,25,35,income.high,household.with-minor,GAMER,NEVER_PAYER,17,5000
standardized.person.2024.uk.validation,UK,VALIDATION,cell.098,25,35,income.high,household.with-minor,NON_GAMER,EVER_PAYER,3,10000
standardized.person.2024.uk.validation,UK,VALIDATION,cell.099,25,35,income.high,household.with-minor,NON_GAMER,NEVER_PAYER,3,1000
standardized.person.2024.uk.validation,UK,VALIDATION,cell.100,25,35,income.high,household.one-person,GAMER,EVER_PAYER,33,10000
standardized.person.2024.uk.validation,UK,VALIDATION,cell.101,25,35,income.high,household.one-person,GAMER,NEVER_PAYER,57,10000
standardized.person.2024.uk.validation,UK,VALIDATION,cell.102,25,35,income.high,household.one-person,NON_GAMER,EVER_PAYER,1,2500
standardized.person.2024.uk.validation,UK,VALIDATION,cell.103,25,35,income.high,household.one-person,NON_GAMER,NEVER_PAYER,49,10000
standardized.person.2024.uk.validation,UK,VALIDATION,cell.104,25,35,income.high,household.multi-no-minor,GAMER,EVER_PAYER,57,10000
standardized.person.2024.uk.validation,UK,VALIDATION,cell.105,25,35,income.high,household.multi-no-minor,GAMER,NEVER_PAYER,49,5000
standardized.person.2024.uk.validation,UK,VALIDATION,cell.106,25,35,income.high,household.multi-no-minor,NON_GAMER,EVER_PAYER,7,10000
standardized.person.2024.uk.validation,UK,VALIDATION,cell.107,25,35,income.high,household.multi-no-minor,NON_GAMER,NEVER_PAYER,21,2500
standardized.person.2024.uk.validation,UK,VALIDATION,cell.108,35,45,income.low,household.with-minor,GAMER,EVER_PAYER,1,1250
standardized.person.2024.uk.validation,UK,VALIDATION,cell.109,35,45,income.low,household.with-minor,GAMER,NEVER_PAYER,7,2500
standardized.person.2024.uk.validation,UK,VALIDATION,cell.110,35,45,income.low,household.with-minor,NON_GAMER,EVER_PAYER,1,10000
standardized.person.2024.uk.validation,UK,VALIDATION,cell.111,35,45,income.low,household.with-minor,NON_GAMER,NEVER_PAYER,7,2000
standardized.person.2024.uk.validation,UK,VALIDATION,cell.112,35,45,income.low,household.one-person,GAMER,EVER_PAYER,7,5000
standardized.person.2024.uk.validation,UK,VALIDATION,cell.113,35,45,income.low,household.one-person,GAMER,NEVER_PAYER,53,10000
standardized.person.2024.uk.validation,UK,VALIDATION,cell.114,35,45,income.low,household.one-person,NON_GAMER,EVER_PAYER,3,10000
standardized.person.2024.uk.validation,UK,VALIDATION,cell.115,35,45,income.low,household.one-person,NON_GAMER,NEVER_PAYER,13,2000
standardized.person.2024.uk.validation,UK,VALIDATION,cell.116,35,45,income.low,household.multi-no-minor,GAMER,EVER_PAYER,13,5000
standardized.person.2024.uk.validation,UK,VALIDATION,cell.117,35,45,income.low,household.multi-no-minor,GAMER,NEVER_PAYER,49,5000
standardized.person.2024.uk.validation,UK,VALIDATION,cell.118,35,45,income.low,household.multi-no-minor,NON_GAMER,EVER_PAYER,1,2000
standardized.person.2024.uk.validation,UK,VALIDATION,cell.119,35,45,income.low,household.multi-no-minor,NON_GAMER,NEVER_PAYER,119,10000
standardized.person.2024.uk.validation,UK,VALIDATION,cell.120,35,45,income.middle,household.with-minor,GAMER,EVER_PAYER,11,5000
standardized.person.2024.uk.validation,UK,VALIDATION,cell.121,35,45,income.middle,household.with-minor,GAMER,NEVER_PAYER,7,1250
standardized.person.2024.uk.validation,UK,VALIDATION,cell.122,35,45,income.middle,household.with-minor,NON_GAMER,EVER_PAYER,1,2000
standardized.person.2024.uk.validation,UK,VALIDATION,cell.123,35,45,income.middle,household.with-minor,NON_GAMER,NEVER_PAYER,73,10000
standardized.person.2024.uk.validation,UK,VALIDATION,cell.124,35,45,income.middle,household.one-person,GAMER,EVER_PAYER,27,10000
standardized.person.2024.uk.validation,UK,VALIDATION,cell.125,35,45,income.middle,household.one-person,GAMER,NEVER_PAYER,7,1000
standardized.person.2024.uk.validation,UK,VALIDATION,cell.126,35,45,income.middle,household.one-person,NON_GAMER,EVER_PAYER,3,5000
standardized.person.2024.uk.validation,UK,VALIDATION,cell.127,35,45,income.middle,household.one-person,NON_GAMER,NEVER_PAYER,91,10000
standardized.person.2024.uk.validation,UK,VALIDATION,cell.128,35,45,income.middle,household.multi-no-minor,GAMER,EVER_PAYER,3,500
standardized.person.2024.uk.validation,UK,VALIDATION,cell.129,35,45,income.middle,household.multi-no-minor,GAMER,NEVER_PAYER,153,10000
standardized.person.2024.uk.validation,UK,VALIDATION,cell.130,35,45,income.middle,household.multi-no-minor,NON_GAMER,EVER_PAYER,13,10000
standardized.person.2024.uk.validation,UK,VALIDATION,cell.131,35,45,income.middle,household.multi-no-minor,NON_GAMER,NEVER_PAYER,1,50
standardized.person.2024.uk.validation,UK,VALIDATION,cell.132,35,45,income.high,household.with-minor,GAMER,EVER_PAYER,23,10000
standardized.person.2024.uk.validation,UK,VALIDATION,cell.133,35,45,income.high,household.with-minor,GAMER,NEVER_PAYER,43,10000
standardized.person.2024.uk.validation,UK,VALIDATION,cell.134,35,45,income.high,household.with-minor,NON_GAMER,EVER_PAYER,1,2000
standardized.person.2024.uk.validation,UK,VALIDATION,cell.135,35,45,income.high,household.with-minor,NON_GAMER,NEVER_PAYER,61,10000
standardized.person.2024.uk.validation,UK,VALIDATION,cell.136,35,45,income.high,household.one-person,GAMER,EVER_PAYER,21,10000
standardized.person.2024.uk.validation,UK,VALIDATION,cell.137,35,45,income.high,household.one-person,GAMER,NEVER_PAYER,1,250
standardized.person.2024.uk.validation,UK,VALIDATION,cell.138,35,45,income.high,household.one-person,NON_GAMER,EVER_PAYER,1,2000
standardized.person.2024.uk.validation,UK,VALIDATION,cell.139,35,45,income.high,household.one-person,NON_GAMER,NEVER_PAYER,7,1250
standardized.person.2024.uk.validation,UK,VALIDATION,cell.140,35,45,income.high,household.multi-no-minor,GAMER,EVER_PAYER,11,2000
standardized.person.2024.uk.validation,UK,VALIDATION,cell.141,35,45,income.high,household.multi-no-minor,GAMER,NEVER_PAYER,103,10000
standardized.person.2024.uk.validation,UK,VALIDATION,cell.142,35,45,income.high,household.multi-no-minor,NON_GAMER,EVER_PAYER,13,10000
standardized.person.2024.uk.validation,UK,VALIDATION,cell.143,35,45,income.high,household.multi-no-minor,NON_GAMER,NEVER_PAYER,73,5000
standardized.person.2024.uk.validation,UK,VALIDATION,cell.144,45,55,income.low,household.with-minor,GAMER,EVER_PAYER,1,5000
standardized.person.2024.uk.validation,UK,VALIDATION,cell.145,45,55,income.low,household.with-minor,GAMER,NEVER_PAYER,7,10000
standardized.person.2024.uk.validation,UK,VALIDATION,cell.146,45,55,income.low,household.with-minor,NON_GAMER,EVER_PAYER,1,10000
standardized.person.2024.uk.validation,UK,VALIDATION,cell.147,45,55,income.low,household.with-minor,NON_GAMER,NEVER_PAYER,7,5000
standardized.person.2024.uk.validation,UK,VALIDATION,cell.148,45,55,income.low,household.one-person,GAMER,EVER_PAYER,1,1000
standardized.person.2024.uk.validation,UK,VALIDATION,cell.149,45,55,income.low,household.one-person,GAMER,NEVER_PAYER,39,10000
standardized.person.2024.uk.validation,UK,VALIDATION,cell.150,45,55,income.low,household.one-person,NON_GAMER,EVER_PAYER,3,10000
standardized.person.2024.uk.validation,UK,VALIDATION,cell.151,45,55,income.low,household.one-person,NON_GAMER,NEVER_PAYER,37,5000
standardized.person.2024.uk.validation,UK,VALIDATION,cell.152,45,55,income.low,household.multi-no-minor,GAMER,EVER_PAYER,1,500
standardized.person.2024.uk.validation,UK,VALIDATION,cell.153,45,55,income.low,household.multi-no-minor,GAMER,NEVER_PAYER,19,2500
standardized.person.2024.uk.validation,UK,VALIDATION,cell.154,45,55,income.low,household.multi-no-minor,NON_GAMER,EVER_PAYER,3,5000
standardized.person.2024.uk.validation,UK,VALIDATION,cell.155,45,55,income.low,household.multi-no-minor,NON_GAMER,NEVER_PAYER,9,625
standardized.person.2024.uk.validation,UK,VALIDATION,cell.156,45,55,income.middle,household.with-minor,GAMER,EVER_PAYER,7,10000
standardized.person.2024.uk.validation,UK,VALIDATION,cell.157,45,55,income.middle,household.with-minor,GAMER,NEVER_PAYER,9,5000
standardized.person.2024.uk.validation,UK,VALIDATION,cell.158,45,55,income.middle,household.with-minor,NON_GAMER,EVER_PAYER,1,5000
standardized.person.2024.uk.validation,UK,VALIDATION,cell.159,45,55,income.middle,household.with-minor,NON_GAMER,NEVER_PAYER,9,2500
standardized.person.2024.uk.validation,UK,VALIDATION,cell.160,45,55,income.middle,household.one-person,GAMER,EVER_PAYER,23,10000
standardized.person.2024.uk.validation,UK,VALIDATION,cell.161,45,55,income.middle,household.one-person,GAMER,NEVER_PAYER,3,500
standardized.person.2024.uk.validation,UK,VALIDATION,cell.162,45,55,income.middle,household.one-person,NON_GAMER,EVER_PAYER,1,1250
standardized.person.2024.uk.validation,UK,VALIDATION,cell.163,45,55,income.middle,household.one-person,NON_GAMER,NEVER_PAYER,123,10000
standardized.person.2024.uk.validation,UK,VALIDATION,cell.164,45,55,income.middle,household.multi-no-minor,GAMER,EVER_PAYER,7,1250
standardized.person.2024.uk.validation,UK,VALIDATION,cell.165,45,55,income.middle,household.multi-no-minor,GAMER,NEVER_PAYER,29,2000
standardized.person.2024.uk.validation,UK,VALIDATION,cell.166,45,55,income.middle,household.multi-no-minor,NON_GAMER,EVER_PAYER,19,10000
standardized.person.2024.uk.validation,UK,VALIDATION,cell.167,45,55,income.middle,household.multi-no-minor,NON_GAMER,NEVER_PAYER,59,2000
standardized.person.2024.uk.validation,UK,VALIDATION,cell.168,45,55,income.high,household.with-minor,GAMER,EVER_PAYER,1,1250
standardized.person.2024.uk.validation,UK,VALIDATION,cell.169,45,55,income.high,household.with-minor,GAMER,NEVER_PAYER,3,2000
standardized.person.2024.uk.validation,UK,VALIDATION,cell.170,45,55,income.high,household.with-minor,NON_GAMER,EVER_PAYER,3,10000
standardized.person.2024.uk.validation,UK,VALIDATION,cell.171,45,55,income.high,household.with-minor,NON_GAMER,NEVER_PAYER,2,625
standardized.person.2024.uk.validation,UK,VALIDATION,cell.172,45,55,income.high,household.one-person,GAMER,EVER_PAYER,1,500
standardized.person.2024.uk.validation,UK,VALIDATION,cell.173,45,55,income.high,household.one-person,GAMER,NEVER_PAYER,37,10000
standardized.person.2024.uk.validation,UK,VALIDATION,cell.174,45,55,income.high,household.one-person,NON_GAMER,EVER_PAYER,7,10000
standardized.person.2024.uk.validation,UK,VALIDATION,cell.175,45,55,income.high,household.one-person,NON_GAMER,NEVER_PAYER,41,5000
standardized.person.2024.uk.validation,UK,VALIDATION,cell.176,45,55,income.high,household.multi-no-minor,GAMER,EVER_PAYER,7,1250
standardized.person.2024.uk.validation,UK,VALIDATION,cell.177,45,55,income.high,household.multi-no-minor,GAMER,NEVER_PAYER,13,1250
standardized.person.2024.uk.validation,UK,VALIDATION,cell.178,45,55,income.high,household.multi-no-minor,NON_GAMER,EVER_PAYER,1,500
standardized.person.2024.uk.validation,UK,VALIDATION,cell.179,45,55,income.high,household.multi-no-minor,NON_GAMER,NEVER_PAYER,23,1000
standardized.person.2024.uk.validation,UK,VALIDATION,cell.180,55,70,income.low,household.with-minor,GAMER,EVER_PAYER,0,1
standardized.person.2024.uk.validation,UK,VALIDATION,cell.181,55,70,income.low,household.with-minor,GAMER,NEVER_PAYER,1,10000
standardized.person.2024.uk.validation,UK,VALIDATION,cell.182,55,70,income.low,household.with-minor,NON_GAMER,EVER_PAYER,0,1
standardized.person.2024.uk.validation,UK,VALIDATION,cell.183,55,70,income.low,household.with-minor,NON_GAMER,NEVER_PAYER,1,2500
standardized.person.2024.uk.validation,UK,VALIDATION,cell.184,55,70,income.low,household.one-person,GAMER,EVER_PAYER,11,10000
standardized.person.2024.uk.validation,UK,VALIDATION,cell.185,55,70,income.low,household.one-person,GAMER,NEVER_PAYER,41,10000
standardized.person.2024.uk.validation,UK,VALIDATION,cell.186,55,70,income.low,household.one-person,NON_GAMER,EVER_PAYER,3,5000
standardized.person.2024.uk.validation,UK,VALIDATION,cell.187,55,70,income.low,household.one-person,NON_GAMER,NEVER_PAYER,27,2000
standardized.person.2024.uk.validation,UK,VALIDATION,cell.188,55,70,income.low,household.multi-no-minor,GAMER,EVER_PAYER,13,10000
standardized.person.2024.uk.validation,UK,VALIDATION,cell.189,55,70,income.low,household.multi-no-minor,GAMER,NEVER_PAYER,1,200
standardized.person.2024.uk.validation,UK,VALIDATION,cell.190,55,70,income.low,household.multi-no-minor,NON_GAMER,EVER_PAYER,7,10000
standardized.person.2024.uk.validation,UK,VALIDATION,cell.191,55,70,income.low,household.multi-no-minor,NON_GAMER,NEVER_PAYER,41,2500
standardized.person.2024.uk.validation,UK,VALIDATION,cell.192,55,70,income.middle,household.with-minor,GAMER,EVER_PAYER,1,5000
standardized.person.2024.uk.validation,UK,VALIDATION,cell.193,55,70,income.middle,household.with-minor,GAMER,NEVER_PAYER,1,2500
standardized.person.2024.uk.validation,UK,VALIDATION,cell.194,55,70,income.middle,household.with-minor,NON_GAMER,EVER_PAYER,1,10000
standardized.person.2024.uk.validation,UK,VALIDATION,cell.195,55,70,income.middle,household.with-minor,NON_GAMER,NEVER_PAYER,7,5000
standardized.person.2024.uk.validation,UK,VALIDATION,cell.196,55,70,income.middle,household.one-person,GAMER,EVER_PAYER,3,1000
standardized.person.2024.uk.validation,UK,VALIDATION,cell.197,55,70,income.middle,household.one-person,GAMER,NEVER_PAYER,19,2500
standardized.person.2024.uk.validation,UK,VALIDATION,cell.198,55,70,income.middle,household.one-person,NON_GAMER,EVER_PAYER,17,10000
standardized.person.2024.uk.validation,UK,VALIDATION,cell.199,55,70,income.middle,household.one-person,NON_GAMER,NEVER_PAYER,27,1000
standardized.person.2024.uk.validation,UK,VALIDATION,cell.200,55,70,income.middle,household.multi-no-minor,GAMER,EVER_PAYER,47,10000
standardized.person.2024.uk.validation,UK,VALIDATION,cell.201,55,70,income.middle,household.multi-no-minor,GAMER,NEVER_PAYER,121,10000
standardized.person.2024.uk.validation,UK,VALIDATION,cell.202,55,70,income.middle,household.multi-no-minor,NON_GAMER,EVER_PAYER,27,10000
standardized.person.2024.uk.validation,UK,VALIDATION,cell.203,55,70,income.middle,household.multi-no-minor,NON_GAMER,NEVER_PAYER,213,5000
standardized.person.2024.uk.validation,UK,VALIDATION,cell.204,55,70,income.high,household.with-minor,GAMER,EVER_PAYER,1,5000
standardized.person.2024.uk.validation,UK,VALIDATION,cell.205,55,70,income.high,household.with-minor,GAMER,NEVER_PAYER,3,10000
standardized.person.2024.uk.validation,UK,VALIDATION,cell.206,55,70,income.high,household.with-minor,NON_GAMER,EVER_PAYER,1,10000
standardized.person.2024.uk.validation,UK,VALIDATION,cell.207,55,70,income.high,household.with-minor,NON_GAMER,NEVER_PAYER,13,10000
standardized.person.2024.uk.validation,UK,VALIDATION,cell.208,55,70,income.high,household.one-person,GAMER,EVER_PAYER,27,10000
standardized.person.2024.uk.validation,UK,VALIDATION,cell.209,55,70,income.high,household.one-person,GAMER,NEVER_PAYER,51,10000
standardized.person.2024.uk.validation,UK,VALIDATION,cell.210,55,70,income.high,household.one-person,NON_GAMER,EVER_PAYER,17,10000
standardized.person.2024.uk.validation,UK,VALIDATION,cell.211,55,70,income.high,household.one-person,NON_GAMER,NEVER_PAYER,97,5000
standardized.person.2024.uk.validation,UK,VALIDATION,cell.212,55,70,income.high,household.multi-no-minor,GAMER,EVER_PAYER,1,200
standardized.person.2024.uk.validation,UK,VALIDATION,cell.213,55,70,income.high,household.multi-no-minor,GAMER,NEVER_PAYER,23,2500
standardized.person.2024.uk.validation,UK,VALIDATION,cell.214,55,70,income.high,household.multi-no-minor,NON_GAMER,EVER_PAYER,31,10000
standardized.person.2024.uk.validation,UK,VALIDATION,cell.215,55,70,income.high,household.multi-no-minor,NON_GAMER,NEVER_PAYER,22,625
